NAME	# MATCHING PROBE SETS	MATCHING PROBE SET(S)	
PGLYRP3	1	PGLYRP3	
PGLYRP2	1	PGLYRP2	
TFRC	1	TFRC	
SCT	1	SCT	
ITSN1	1	ITSN1	
SPINT3	1	SPINT3	
SPINT2	1	SPINT2	
ALKBH3	1	ALKBH3	
ALKBH2	1	ALKBH2	
CRHBP	1	CRHBP	
HTR6	1	HTR6	
HTR7	1	HTR7	
CAPNS1	1	CAPNS1	
DPYSL5	1	DPYSL5	
DPYSL2	1	DPYSL2	
DPYSL3	1	DPYSL3	
CKMT1B	1	CKMT1A	
SMCO2	1	SMCO2	
PGLYRP1	1	PGLYRP1	
PRKACA	1	PRKACA	
VSTM4	1	VSTM4	
GSTK1	1	GSTK1	
ZNF18	1	ZNF18	
CXADR	1	CXADR	
UNC5A	1	UNC5A	
UNC5B	1	UNC5B	
CACNA2D3	1	CACNA2D3	
ZNF10	1	ZNF10	
UNC5C	1	UNC5C	
UNC5D	1	UNC5D	
SIGIRR	1	SIGIRR	
MTHFD1	1	MTHFD1	
SCO1	1	SCO1	
SPINT1	1	SPINT1	
EWSR1	1	EWSR1	
MTHFD2	1	MTHFD2	
OPTC	1	OPTC	
SCO2	1	SCO2	
TFR2	1	TFR2	
DDIT3	1	DDIT3	
DDIT4	1	DDIT4	
JTB	1	JTB	
PLBD1	1	PLBD1	
TXNIP	1	TXNIP	
VOPP1	1	VOPP1	
PLBD2	1	PLBD2	
SF1	1	SF1	
SET	1	SET	
COL13A1	1	COL13A1	
SAR1A	1	SAR1A	
SHMT2	1	SHMT2	
FAXDC2	1	FAXDC2	
SHMT1	1	SHMT1	
LYPD1	1	LYPD1	
LYPD3	1	LYPD3	
ZNF23	1	ZNF23	
TEX29	1	TEX29	
PRPSAP1	1	PRPSAP1	
ADAMTS15	1	ADAMTS15	
ADAMTS13	1	ADAMTS13	
PRPSAP2	1	PRPSAP2	
RDH16	1	RDH16	
SFN	1	SFN	
LTA4H	1	LTA4H	
GSTM4	1	GSTM4	
HEXIM1	1	HEXIM1	
JAG2	1	JAG2	
GSTM3	1	GSTM3	
HEXIM2	1	HEXIM2	
CREBBP	1	CREBBP	
JUN	1	JUN	
GSTM1	1	GSTM1	
JAG1	1	JAG1	
JUP	1	JUP	
EIF2AK4	1	EIF2AK4	
ZNF34	1	ZNF34	
L1CAM	1	L1CAM	
DHFR	1	DHFR	
AGO3	1	AGO3	
AGO1	1	AGO1	
NMT1	1	NMT1	
NMT2	1	NMT2	
NANOG	1	NANOG	
SFXN5	1	SFXN5	
LGMN	1	LGMN	
IL18BP	1	IL18BP	
MMP20	1	MMP20	
CASP14	1	CASP14	
SHH	1	SHH	
CASP10	1	CASP10	
ZNF41	1	ZNF41	
NEFL	1	NEFL	
JAK2	1	JAK2	
DUSP4	1	DUSP4	
CHST9	1	CHST9	
CHST6	1	CHST6	
MYBPC1	1	MYBPC1	
DUSP3	1	DUSP3	
GSTO1	1	GSTO1	
MAMDC2	1	MAMDC2	
BGN	1	BGN	
DUSP6	1	DUSP6	
MMP10	1	MMP10	
MMP12	1	MMP12	
TMEFF1	1	TMEFF1	
MMP14	1	MMP14	
MMP13	1	MMP13	
MMP16	1	MMP16	
PLSCR3	1	PLSCR3	
SDHAF2	1	SDHAF2	
PTRH2	1	PTRH2	
MMP17	1	MMP17	
CHST1	1	CHST1	
MMP19	1	MMP19	
CHST4	1	CHST4	
CRYAA	1	CRYAA	
RAPGEF5	1	RAPGEF5	
CHST5	1	CHST5	
PAFAH1B3	1	PAFAH1B3	
CHST2	1	CHST2	
PAFAH1B2	1	PAFAH1B2	
CHST3	1	CHST3	
APCS	1	APCS	
ECHS1	1	ECHS1	
TP53I13	1	TP53I13	
GSTP1	1	GSTP1	
ADAM22	1	ADAM22	
ADAM29	1	ADAM29	
RIDA	1	HRSP12	
ADAM23	1	ADAM23	
AGR2	1	AGR2	
STX6	1	STX6	
AGR3	1	AGR3	
STX4	1	STX4	
STX3	1	STX3	
BID	1	BID	
STX2	1	STX2	
TP53I11	1	TP53I11	
JAM2	1	JAM2	
JAM3	1	JAM3	
SPDEF	1	SPDEF	
ATAD1	1	ATAD1	
EGLN1	1	EGLN1	
MBD4	1	MBD4	
RIC3	1	RIC3	
PKLR	1	PKLR	
MBD1	1	MBD1	
ATAD2	1	ATAD2	
ADAM32	1	ADAM32	
BMP8B	1	BMP8B	
KIR3DL1	1	KIR3DL1	
ADAM30	1	ADAM30	
KIAA2013	1	KIAA2013	
KIR3DL2	1	KIR3DL2	
KIR3DL3	1	KIR3DL3	
DCBLD1	1	DCBLD1	
TARBP2	1	TARBP2	
SNX17	1	SNX17	
APEX1	1	APEX1	
AGRP	1	AGRP	
PKN1	1	PKN1	
AGRN	1	AGRN	
LGR5	1	LGR5	
LGR4	1	LGR4	
KCNG4	1	KCNG4	
TMEM167B	1	TMEM167B	
TMEM167A	1	TMEM167A	
PDCD6	1	PDCD6	
PDCD5	1	PDCD5	
LY75	1	LY75	
IL1RAP	1	IL1RAP	
POTEM	1	POTEM	
EFEMP1	1	EFEMP1	
POFUT1	1	POFUT1	
UROD	1	UROD	
TNFRSF8	1	TNFRSF8	
POTEG	1	POTEG	
TNFRSF4	1	TNFRSF4	
PIAS4	1	PIAS4	
PIAS3	1	PIAS3	
IFNA14	1	IFNA14	
IFNA16	1	IFNA16	
STX8	1	STX8	
STX7	1	STX7	
SDCBP2	1	SDCBP2	
MINPP1	1	MINPP1	
MSH2	1	MSH2	
PKP2	1	PKP2	
SMS	1	SMS	
SRSF6	1	SRSF6	
SRSF7	1	SRSF7	
ARL8B	1	ARL8B	
IFNA10	1	IFNA10	
BLK	1	BLK	
KCNE3	1	KCNE3	
UQCRB	1	UQCRB	
KCNE5	1	KCNE5	
KMT2C	1	KMT2C	
GSTT1	1	GSTT1	
UAP1	1	UAP1	
SNN	1	SNN	
TNFRSF17	1	TNFRSF17	
TNFRSF14	1	TNFRSF14	
KDSR	1	KDSR	
CERT1	1	COL4A3BP	
GRIA4	1	GRIA4	
IFNA21	1	IFNA21	
KIR2DL5A	1	KIR2DL5A	
KCNF1	1	KCNF1	
SDF2L1	1	SDF2L1	
NOP16	1	NOP16	
TNFRSF9	1	TNFRSF9	
UROS	1	UROS	
NEK7	1	NEK7	
LY86	1	LY86	
BMX	1	BMX	
ADSS2	1	ADSS	
LRCH4	1	LRCH4	
BCAR3	1	BCAR3	
PIWIL1	1	PIWIL1	
BMP10	1	BMP10	
KIR3DS1	1	KIR3DS1	
PTEN	1	PTEN	
ECE1	1	ECE1	
ETFA	1	ETFA	
HTR2A	1	HTR2A	
NENF	1	NENF	
MSLN	1	MSLN	
BMP15	1	BMP15	
TNFSF13B	1	TNFSF13B	
AP4M1	1	AP4M1	
SPN	1	SPN	
ARL5B	1	ARL5B	
SPR	1	SPR	
BOC	1	BOC	
ARL5A	1	ARL5A	
NEO1	1	NEO1	
MBL2	1	MBL2	
MSMB	1	MSMB	
UNC45A	1	UNC45A	
CERS5	1	CERS5	
GRID2	1	GRID2	
PIANP	1	PIANP	
GRID1	1	GRID1	
RNASET2	1	RNASET2	
TNFRSF18	1	TNFRSF18	
DHPS	1	DHPS	
TNFRSF19	1	TNFRSF19	
TNFRSF1B	1	TNFRSF1B	
ARFGAP1	1	ARFGAP1	
ARFGAP2	1	ARFGAP2	
TNFRSF1A	1	TNFRSF1A	
ARL4D	1	ARL4D	
C1D	1	C1D	
BPI	1	BPI	
TOP1	1	TOP1	
DCTPP1	1	DCTPP1	
GAPDH	1	GAPDH	
TNFRSF21	1	TNFRSF21	
BCAT2	1	BCAT2	
CANT1	1	CANT1	
C1S	1	C1S	
C1R	1	C1R	
SRC	1	SRC	
LRTM2	1	LRTM2	
LRTM1	1	LRTM1	
PTH2	1	PTH2	
SRI	1	SRI	
IL2RG	1	IL2RG	
SRL	1	SRL	
MTHFSD	1	MTHFSD	
U2AF2	1	U2AF2	
NNAT	1	NNAT	
UBQLN4	1	UBQLN4	
UBQLN2	1	UBQLN2	
SSB	1	SSB	
GZMA	1	GZMA	
GZMB	1	GZMB	
MSMP	1	MSMP	
CABLES2	1	CABLES2	
APLN	1	APLN	
GZMH	1	GZMH	
GSTZ1	1	GSTZ1	
GZMK	1	GZMK	
GZMM	1	GZMM	
SST	1	SST	
IL2RA	1	IL2RA	
IL2RB	1	IL2RB	
OCIAD1	1	OCIAD1	
PDCD4	1	PDCD4	
PDCD1	1	PDCD1	
TNFRSF6B	1	TNFRSF6B	
RFESD	1	RFESD	
ECI2	1	ECI2	
ICAM2	1	ICAM2	
ICAM3	1	ICAM3	
ICAM4	1	ICAM4	
ICAM5	1	ICAM5	
ICAM1	1	ICAM1	
PEX26	1	PEX26	
LGALS4	1	LGALS4	
LGALS3	1	LGALS3	
LGALS2	1	LGALS2	
IL36A	1	IL36A	
LGALS1	1	LGALS1	
IL36B	1	IL36B	
ANPEP	1	ANPEP	
BSG	1	BSG	
KDR	1	KDR	
TNFSF10	1	TNFSF10	
FBXO3	1	FBXO3	
TNFSF11	1	TNFSF11	
LGALS9	1	LGALS9	
THSD7A	1	THSD7A	
LGALS8	1	LGALS8	
LGALS7	1	LGALS7	
CER1	1	CER1	
TP63	1	TP63	
ARL11	1	ARL11	
ARL14	1	ARL14	
ARL15	1	ARL15	
ECH1	1	ECH1	
BTC	1	BTC	
BTD	1	BTD	
KEL	1	KEL	
SLPI	1	SLPI	
CRISPLD2	1	CRISPLD2	
SUB1	1	SUB1	
BTK	1	BTK	
MTCP1	1	MTCP1	
TP53	1	TP53	
CES1	1	CES1	
GRB7	1	GRB7	
DHX8	1	DHX8	
DHX9	1	DHX9	
SDC3	1	SDC3	
APOM	1	APOM	
RACGAP1	1	RACGAP1	
RRAS	1	RRAS	
APOH	1	APOH	
NEU1	1	NEU1	
APOF	1	APOF	
KCNN1	1	KCNN1	
APOD	1	APOD	
B4GALNT1	1	B4GALNT1	
APOE	1	APOE	
APOB	1	APOB	
DECR2	1	DECR2	
PCK1	1	PCK1	
DECR1	1	DECR1	
NTNG1	1	NTNG1	
TNFSF18	1	TNFSF18	
MSR1	1	MSR1	
YES1	1	YES1	
APOBEC3G	1	APOBEC3G	
TNFSF14	1	TNFSF14	
TNFSF15	1	TNFSF15	
TNFSF12	1	TNFSF12	
IGF2	1	IGF2	
IL36G	1	IL36G	
PTK6	1	PTK6	
IGF1	1	IGF1	
C16orf54	1	C16orf54	
PTK2	1	PTK2	
BST2	1	BST2	
NET1	1	NET1	
BST1	1	BST1	
MSRA	1	MSRA	
PTK7	1	PTK7	
GRB2	1	GRB2	
GRAP	1	GRAP	
FBXL5	1	FBXL5	
FBXL4	1	FBXL4	
HERPUD2	1	HERPUD2	
ECM1	1	ECM1	
HIBADH	1	HIBADH	
MSTN	1	MSTN	
SYNCRIP	1	SYNCRIP	
C8G	1	C8G	
SUFU	1	SUFU	
RAC2	1	RAC2	
FCER1A	1	FCER1A	
RAC3	1	RAC3	
PHGDH	1	PHGDH	
RAC1	1	RAC1	
SDF2	1	SDF2	
ZHX3	1	ZHX3	
SYK	1	SYK	
MST1	1	MST1	
CACYBP	1	CACYBP	
ZHX1	1	ZHX1	
APRT	1	APRT	
KIN	1	KIN	
TOX3	1	TOX3	
RAP2A	1	RAP2A	
SLTM	1	SLTM	
KIT	1	KIT	
TAX1BP1	1	TAX1BP1	
ARHGEF1	1	ARHGEF1	
TAX1BP3	1	TAX1BP3	
ARHGEF2	1	ARHGEF2	
MICU2	1	EFHA1	
ARHGEF7	1	ARHGEF7	
PCNA	1	PCNA	
SELPLG	1	SELPLG	
COX5B	1	COX5B	
COX5A	1	COX5A	
PCNP	1	PCNP	
SH3BGRL	1	SH3BGRL	
MAP3K3	1	MAP3K3	
SORT1	1	SORT1	
GAD1	1	GAD1	
COX6C	1	COX6C	
APTX	1	APTX	
KAZALD1	1	KAZALD1	
PEX14	1	PEX14	
PDCL2	1	PDCL2	
KLHL7	1	KLHL7	
SEMG1	1	SEMG1	
HDGF	1	HDGF	
RAD1	1	RAD1	
IL18R1	1	IL18R1	
KLB	1	KLB	
PRDM4	1	PRDM4	
TACO1	1	TACO1	
PLAT	1	PLAT	
PRDM1	1	PRDM1	
NCMAP	1	NCMAP	
ETS2	1	ETS2	
IGF1R	1	IGF1R	
TGM1	1	TGM1	
DMBT1	1	DMBT1	
PLAU	1	PLAU	
ENPP2	1	ENPP2	
FAM3B	1	FAM3B	
IGFLR1	1	IGFLR1	
FAM3D	1	FAM3D	
ENPP6	1	ENPP6	
ENPP5	1	ENPP5	
TGM4	1	TGM4	
TGM3	1	TGM3	
ENPP7	1	ENPP7	
RAG1	1	RAG1	
TGM2	1	TGM2	
SPINK4	1	SPINK4	
TMOD1	1	TMOD1	
SPINK2	1	SPINK2	
SPINK1	1	SPINK1	
SPINK8	1	SPINK8	
MMGT1	1	MMGT1	
SPINK7	1	SPINK7	
SPINK6	1	SPINK6	
TMOD3	1	TMOD3	
SPINK5	1	SPINK5	
TMOD2	1	TMOD2	
ADAM11	1	ADAM11	
DNAJB12	1	DNAJB12	
ACOT13	1	ACOT13	
ADAM10	1	ADAM10	
DNAJB14	1	DNAJB14	
CARTPT	1	CARTPT	
CCNB1IP1	1	CCNB1IP1	
ADAM19	1	ADAM19	
ADAM17	1	ADAM17	
ADAM15	1	ADAM15	
LYG1	1	LYG1	
CARD19	1	C9orf89	
ADAM12	1	ADAM12	
DNAJB11	1	DNAJB11	
CARD18	1	CARD18	
LYG2	1	LYG2	
SPINK9	1	SPINK9	
RAF1	1	RAF1	
NNMT	1	NNMT	
TSG101	1	TSG101	
NDUFB11	1	NDUFB11	
SLC41A2	1	SLC41A2	
HTRA1	1	HTRA1	
PLD5	1	PLD5	
DAPP1	1	DAPP1	
HTRA2	1	HTRA2	
GLYAT	1	GLYAT	
PLD3	1	PLD3	
TIMM50	1	TIMM50	
CNN2	1	CNN2	
CNN1	1	CNN1	
GRK2	1	ADRBK1	
RNASEH1	1	RNASEH1	
FGF20	1	FGF20	
CYTL1	1	CYTL1	
IL36RN	1	IL1F5	
FGF23	1	FGF23	
FGF22	1	FGF22	
CNTN5	1	CNTN5	
CHCHD10	1	CHCHD10	
USB1	1	USB1	
IGF2R	1	IGF2R	
FGF17	1	FGF17	
FGF16	1	FGF16	
FGF19	1	FGF19	
FGF18	1	FGF18	
CNTN1	1	CNTN1	
CNTN2	1	CNTN2	
SPINK13	1	SPINK13	
UBA2	1	UBA2	
CNTN4	1	CNTN4	
FGF12	1	FGF12	
SPINK14	1	SPINK14	
FGF10	1	FGF10	
TNFAIP8	1	TNFAIP8	
PODXL2	1	PODXL2	
TNFAIP6	1	TNFAIP6	
PLEK	1	PLEK	
TNFAIP3	1	TNFAIP3	
MYSM1	1	MYSM1	
LTB4R	1	LTB4R	
LMNB1	1	LMNB1	
CA1	1	CA1	
EEF2K	1	EEF2K	
CA3	1	CA3	
CA2	1	CA2	
CA4	1	CA4	
CA7	1	CA7	
CA6	1	CA6	
CA9	1	CA9	
CA8	1	CA8	
CYTIP	1	CYTIP	
SUN3	1	SUN3	
TBP	1	TBP	
SYNGR3	1	SYNGR3	
ETV5	1	ETV5	
SUN5	1	SUN5	
EEF1D	1	EEF1D	
ELF5	1	ELF5	
CAT	1	CAT	
SPATA31D4	1	SPATA31D4	
SHANK3	1	SHANK3	
SHANK1	1	SHANK1	
RALA	1	RALA	
RALB	1	RALB	
SLC3A1	1	SLC3A1	
SLC3A2	1	SLC3A2	
CBL	1	CBL	
NT5C2	1	NT5C2	
CYTH2	1	CYTH2	
IL1RL1	1	IL1RL1	
POLD4	1	POLD4	
IL1RL2	1	IL1RL2	
CAND1	1	CAND1	
CYTH4	1	CYTH4	
CBS	1	CBS	
SV2A	1	SV2A	
TBX22	1	TBX22	
FAM241B	1	C10orf35	
SLIT1	1	SLIT1	
PTK2B	1	PTK2B	
SLIT3	1	SLIT3	
ZPLD1	1	ZPLD1	
SLIT2	1	SLIT2	
TRDMT1	1	TRDMT1	
TIMM8A	1	TIMM8A	
RRM1	1	RRM1	
RRM2	1	RRM2	
BNIP3	1	BNIP3	
CCK	1	CCK	
HS3ST5	1	HS3ST5	
SUOX	1	SUOX	
HS3ST4	1	HS3ST4	
CFC1	1	CFC1	
HS3ST1	1	HS3ST1	
WARS1	1	WARS	
TTC17	1	TTC17	
CD2	1	CD2	
CCS	1	CCS	
CD4	1	CD4	
GALE	1	GALE	
TEC	1	TEC	
CD5	1	CD5	
ERCC4	1	ERCC4	
ERCC1	1	ERCC1	
POLE2	1	POLE2	
CD7	1	CD7	
POLE3	1	POLE3	
CD9	1	CD9	
PTX3	1	PTX3	
GPD1L	1	GPD1L	
TEK	1	TEK	
GALP	1	GALP	
VPS29	1	VPS29	
CNTF	1	CNTF	
PRSS1	1	PRSS1	
TES	1	TES	
CLEC10A	1	CLEC10A	
SMC3	1	SMC3	
ELK1	1	ELK1	
ELK3	1	ELK3	
GJA1	1	GJA1	
ALCAM	1	ALCAM	
EVA1B	1	EVA1B	
EVA1C	1	EVA1C	
NAMPT	1	NAMPT	
GJA8	1	GJA8	
PRSS8	1	PRSS8	
PRSS3	1	PRSS3	
PRSS2	1	PRSS2	
PRKCG	1	PRKCG	
PRKCI	1	PRKCI	
PRKCB	1	PRKCB	
CLEC11A	1	CLEC11A	
PRKCA	1	PRKCA	
CEL	1	CEL	
BCAN	1	BCAN	
BCAM	1	BCAM	
MTAP	1	MTAP	
ARMC5	1	ARMC5	
HECW1	1	HECW1	
HMBS	1	HMBS	
PRKCQ	1	PRKCQ	
NUP98	1	NUP98	
VPS25	1	VPS25	
CFB	1	CFB	
FREM2	1	FREM2	
VPS28	1	VPS28	
CFD	1	CFD	
CFH	1	CFH	
CFI	1	CFI	
BCL10	1	BCL10	
CFP	1	CFP	
SDSL	1	SDSL	
ARPP19	1	ARPP19	
PRKCZ	1	PRKCZ	
FAM171A1	1	FAM171A1	
FAM171A2	1	FAM171A2	
ST3GAL5	1	ST3GAL5	
ST3GAL6	1	ST3GAL6	
CGA	1	CGA	
ST3GAL1	1	ST3GAL1	
ST3GAL2	1	ST3GAL2	
C3orf18	1	C3orf18	
LRRC37A2	1	LRRC37A2	
ARPP21	1	ARPP21	
HOMER1	1	HOMER1	
HOMER2	1	HOMER2	
PLK1	1	PLK1	
ELL2	1	ELL2	
ARL2BP	1	ARL2BP	
FANK1	1	FANK1	
BTG2	1	BTG2	
CDKN1A	1	CDKN1A	
SETD2	1	SETD2	
CDKN1B	1	CDKN1B	
MOCS3	1	MOCS3	
ASH2L	1	ASH2L	
ASGR1	1	ASGR1	
ASGR2	1	ASGR2	
ADAMTSL1	1	ADAMTSL1	
MCEE	1	MCEE	
ADAMTSL2	1	ADAMTSL2	
TK2	1	TK2	
TK1	1	TK1	
TPI1	1	TPI1	
AHSG	1	AHSG	
ASH1L	1	ASH1L	
CDYL2	1	CDYL2	
GJD2	1	GJD2	
ANGPTL7	1	ANGPTL7	
ANGPTL3	1	ANGPTL3	
GAS1	1	GAS1	
PLIN3	1	PLIN3	
ANGPTL4	1	ANGPTL4	
MYZAP	1	MYZAP	
GAS6	1	GAS6	
TKT	1	TKT	
ANGPTL1	1	ANGPTL1	
GAS7	1	GAS7	
C1orf198	1	C1orf198	
USO1	1	USO1	
PAPSS1	1	PAPSS1	
PPP1R2	1	PPP1R2	
OLFML3	1	OLFML3	
OLFML1	1	OLFML1	
PPP1R8	1	PPP1R8	
AHSP	1	AHSP	
CKB	1	CKB	
APOL1	1	APOL1	
APOL3	1	APOL3	
PAIP1	1	PAIP1	
CDKN2D	1	CDKN2D	
BCHE	1	BCHE	
CDKN2B	1	CDKN2B	
CDKN2C	1	CDKN2C	
IL10RB	1	IL10RB	
TPK1	1	TPK1	
IL10RA	1	IL10RA	
G0S2	1	G0S2	
HIPK3	1	HIPK3	
GATM	1	GATM	
OSTM1	1	OSTM1	
IGLL1	1	IGLL1	
PCYOX1L	1	PCYOX1L	
COQ8B	1	ADCK4	
CLC	1	CLC	
N6AMT1	1	N6AMT1	
MRE11	1	MRE11A	
POGLUT1	1	POGLUT1	
TPMT	1	TPMT	
TNC	1	TNC	
PARK7	1	PARK7	
FGF1	1	FGF1	
CLU	1	CLU	
FGF2	1	FGF2	
TNF	1	TNF	
FGF3	1	FGF3	
FGF4	1	FGF4	
THG1L	1	THG1L	
EDC4	1	EDC4	
FGF5	1	FGF5	
FGF6	1	FGF6	
PPP1CC	1	PPP1CC	
FGF7	1	FGF7	
FGF8	1	FGF8	
FGF9	1	FGF9	
CFL2	1	CFL2	
CFL1	1	CFL1	
TNR	1	TNR	
SLC26A11	1	SLC26A11	
LARGE1	1	LARGE	
POGLUT3	1	KDELC2	
GTF2I	1	GTF2I	
IL13RA1	1	IL13RA1	
PLS1	1	PLS1	
MAP2K3	1	MAP2K3	
MAP2K4	1	MAP2K4	
USP8	1	USP8	
MAP2K1	1	MAP2K1	
MAP2K2	1	MAP2K2	
TPM4	1	TPM4	
C1orf185	1	C1orf185	
SWAP70	1	SWAP70	
TPM2	1	TPM2	
CSGALNACT2	1	CSGALNACT2	
TPM1	1	TPM1	
THOC1	1	THOC1	
KERA	1	KERA	
LEMD1	1	LEMD1	
EDAR	1	EDAR	
TOM1L1	1	TOM1L1	
MORF4L1	1	MORF4L1	
TOM1L2	1	TOM1L2	
FKBP7	1	FKBP7	
FKBP4	1	FKBP4	
FKBP3	1	FKBP3	
FKBP6	1	FKBP6	
IFNAR1	1	IFNAR1	
RTN4R	1	RTN4R	
FKBP2	1	FKBP2	
CNP	1	CNP	
INSIG1	1	INSIG1	
GLT8D1	1	GLT8D1	
KNG1	1	KNG1	
TPO	1	TPO	
ORC6	1	ORC6L	
BTLA	1	BTLA	
CD300LB	1	CD300LB	
CD300LF	1	CD300LF	
PLTP	1	PLTP	
MAP2K6	1	MAP2K6	
MCL1	1	MCL1	
OSBPL9	1	OSBPL9	
COA3	1	COA3	
FANCL	1	FANCL	
C1orf162	1	C1orf162	
PXDNL	1	PXDNL	
FANCF	1	FANCF	
BCL6	1	BCL6	
COPS2	1	COPS2	
CPD	1	CPD	
BCL2	1	BCL2	
CPE	1	CPE	
TPP1	1	TPP1	
ZNF774	1	ZNF774	
BCL2L2	1	BCL2L2	
LAT	1	LAT	
BCL2L1	1	BCL2L1	
CPM	1	CPM	
BMPR2	1	BMPR2	
GAL3ST1	1	GAL3ST1	
CPQ	1	CPQ	
TRH	1	TRH	
CPZ	1	CPZ	
SYNE2	1	SYNE2	
LBP	1	LBP	
SERAC1	1	SERAC1	
GAL3ST2	1	GAL3ST2	
OIT3	1	OIT3	
CSTL1	1	CSTL1	
PRKG1	1	PRKG1	
CR2	1	CR2	
CR1	1	CR1	
PLA2G12B	1	PLA2G12B	
GGPS1	1	GGPS1	
LANCL1	1	LANCL1	
APOA2	1	APOA2	
APOA1	1	APOA1	
APOA4	1	APOA4	
EDF1	1	EDF1	
ZNF75D	1	ZNF75D	
C1QL4	1	C1QL4	
APOA5	1	APOA5	
C1QL2	1	C1QL2	
TIRAP	1	TIRAP	
TSN	1	TSN	
C1QL1	1	C1QL1	
TST	1	TST	
LCK	1	LCK	
DNAJC4	1	DNAJC4	
CRH	1	CRH	
LANCL2	1	LANCL2	
XCL2	1	XCL2	
XCL1	1	XCL1	
MCM6	1	MCM6	
LCORL	1	LCORL	
LCT	1	LCT	
CRK	1	CRK	
CRP	1	CRP	
CEBPA	1	CEBPA	
CEBPB	1	CEBPB	
HDAC2	1	HDAC2	
FGL1	1	FGL1	
VPS4B	1	VPS4B	
CEBPG	1	CEBPG	
FGL2	1	FGL2	
VPS4A	1	VPS4A	
HDAC8	1	HDAC8	
TTL	1	TTL	
COCH	1	COCH	
TTN	1	TTN	
DNAJB2	1	DNAJB2	
DNAJB1	1	DNAJB1	
ABLIM3	1	ABLIM3	
DNAJB6	1	DNAJB6	
DNAJB4	1	DNAJB4	
IL21R	1	IL21R	
DNAJB9	1	DNAJB9	
CSK	1	CSK	
DRGX	1	DRGX	
NLGN4X	1	NLGN4X	
APOC3	1	APOC3	
MFAP5	1	MFAP5	
MFAP4	1	MFAP4	
MFAP1	1	MFAP1	
DNAJA4	1	DNAJA4	
APOC2	1	APOC2	
LEP	1	LEP	
APOC1	1	APOC1	
DNAJA2	1	DNAJA2	
MFAP2	1	MFAP2	
DRG1	1	DRG1	
TPT1	1	TPT1	
C1orf115	1	C1orf115	
UMODL1	1	UMODL1	
IL1RN	1	IL1RN	
IL23R	1	IL23R	
PITPNB	1	PITPNB	
PITPNA	1	PITPNA	
C6orf89	1	C6orf89	
AQP4	1	AQP4	
HS6ST1	1	HS6ST1	
HS6ST2	1	HS6ST2	
IFIT3	1	IFIT3	
HS6ST3	1	HS6ST3	
IFIT2	1	IFIT2	
NFU1	1	NFU1	
NIPAL4	1	NIPAL4	
TIAL1	1	TIAL1	
RPS6KA3	1	RPS6KA3	
RPS6KA6	1	RPS6KA6	
RPS19	1	RPS19	
RPS6KA1	1	RPS6KA1	
DAG1	1	DAG1	
ARFIP2	1	ARFIP2	
ARFIP1	1	ARFIP1	
ZNF843	1	ZNF843	
RPS10	1	RPS10	
BRICD5	1	BRICD5	
PDK2	1	PDK2	
PDK1	1	PDK1	
PDHX	1	PDHX	
COG8	1	COG8	
IL1R1	1	IL1R1	
IL1R2	1	IL1R2	
ARRDC3	1	ARRDC3	
CPT1B	1	CPT1B	
TIAM1	1	TIAM1	
TWSG1	1	TWSG1	
CFTR	1	CFTR	
TMEM185A	1	TMEM185A	
LHB	1	LHB	
GSKIP	1	GSKIP	
TXN	1	TXN	
APCDD1	1	APCDD1	
CD79B	1	CD79B	
FXR1	1	FXR1	
CD79A	1	CD79A	
MLEC	1	MLEC	
STXBP6	1	STXBP6	
SH2D1A	1	SH2D1A	
LIF	1	LIF	
SH2D1B	1	SH2D1B	
PARVA	1	PARVA	
SMTN	1	SMTN	
VNN2	1	VNN2	
DCP1A	1	DCP1A	
DCP1B	1	DCP1B	
TENM2	1	TENM2	
TENM3	1	TENM3	
TENM4	1	TENM4	
MEOX2	1	MEOX2	
C1QBP	1	C1QBP	
SEC61G	1	SEC61G	
TMED2	1	TMED2	
SEC61B	1	SEC61B	
UBXN4	1	UBXN4	
ERMAP	1	ERMAP	
TMED4	1	TMED4	
EDN1	1	EDN1	
EDN2	1	EDN2	
EDN3	1	EDN3	
PARP1	1	PARP1	
GP1BA	1	GP1BA	
SLC35G2	1	SLC35G2	
PDCD1LG2	1	PDCD1LG2	
TYK2	1	TYK2	
MLF1	1	MLF1	
ZDHHC14	1	ZDHHC14	
VWA1	1	VWA1	
VWA2	1	VWA2	
AIDA	1	AIDA	
MATN4	1	MATN4	
MATN3	1	MATN3	
MATN2	1	MATN2	
DTYMK	1	DTYMK	
AMIGO1	1	AMIGO1	
AMIGO2	1	AMIGO2	
TYMS	1	TYMS	
AIF1	1	AIF1	
TYMP	1	TYMP	
PURB	1	PURB	
TCEAL8	1	TCEAL8	
PURA	1	PURA	
EGFLAM	1	EGFLAM	
TCEAL3	1	TCEAL3	
WIF1	1	WIF1	
EMC1	1	EMC1	
EMC4	1	EMC4	
LAIR2	1	LAIR2	
SUSD3	1	SUSD3	
EMC8	1	EMC8	
LAIR1	1	LAIR1	
MTX2	1	MTX2	
SUSD1	1	SUSD1	
C6orf58	1	LEG1	
SVIP	1	SVIP	
CD40LG	1	CD40LG	
GSTA4	1	GSTA4	
GSTA3	1	GSTA3	
QPCT	1	QPCT	
GSTA1	1	GSTA1	
VWC2	1	VWC2	
ZWILCH	1	ZWILCH	
CCL4L2	1	CCL4L1	
LZIC	1	LZIC	
COMT	1	COMT	
CNDP1	1	CNDP1	
CNDP2	1	CNDP2	
COMP	1	COMP	
BMPER	1	BMPER	
ARHGDIA	1	ARHGDIA	
ARHGDIB	1	ARHGDIB	
SVEP1	1	SVEP1	
POSTN	1	POSTN	
IL11RA	1	IL11RA	
PUS1	1	PUS1	
ATP1B4	1	ATP1B4	
ACYP2	1	ACYP2	
ATP1B3	1	ATP1B3	
LIFR	1	LIFR	
ATP1B2	1	ATP1B2	
ATP1B1	1	ATP1B1	
TIMELESS	1	TIMELESS	
PRTN3	1	PRTN3	
PMEL	1	PMEL	
LPO	1	LPO	
PSG11	1	PSG11	
CUZD1	1	CUZD1	
THPO	1	THPO	
UBB	1	UBB	
UBD	1	UBD	
UBC	1	UBC	
GAGE2A	1	GAGE2A	
SELE	1	SELE	
SELP	1	SELP	
GRHPR	1	GRHPR	
DAP	1	DAP	
DAO	1	DAO	
SELL	1	SELL	
BAMBI	1	BAMBI	
BLMH	1	BLMH	
FGFR4	1	FGFR4	
FGFR3	1	FGFR3	
COPE	1	COPE	
FGFR2	1	FGFR2	
FGFR1	1	FGFR1	
GLP1R	1	GLP1R	
COLGALT2	1	COLGALT2	
THRA	1	THRA	
DBI	1	DBI	
CGB2	1	CGB2	
RABEPK	1	RABEPK	
RBM3	1	RBM3	
RPS4X	1	RPS4X	
LRRTM3	1	LRRTM3	
LRRTM4	1	LRRTM4	
LRRTM1	1	LRRTM1	
NTMT1	1	NTMT1	
LRRTM2	1	LRRTM2	
BLNK	1	BLNK	
TOPBP1	1	TOPBP1	
COLGALT1	1	COLGALT1	
C15orf48	1	NMES1	
PLAUR	1	PLAUR	
RPS3A	1	RPS3A	
DCK	1	DCK	
DCN	1	DCN	
RBL2	1	RBL2	
ALDH1A3	1	ALDH1A3	
ZAP70	1	ZAP70	
GAP43	1	GAP43	
RBL1	1	RBL1	
DDAH1	1	DDAH1	
OAS1	1	OAS1	
COL6A2	1	COL6A2	
ALDH1A1	1	ALDH1A1	
CDH11	1	CDH11	
COL6A1	1	COL6A1	
ZPBP2	1	ZPBP2	
CDH12	1	CDH12	
LTA	1	LTA	
COL6A3	1	COL6A3	
CDH15	1	CDH15	
COL6A5	1	COL6A5	
TMEM9	1	TMEM9	
DEFB4A	1	DEFB4A	
CDH17	1	CDH17	
RBKS	1	RBKS	
LTF	1	LTF	
DDC	1	DDC	
PDXK	1	PDXK	
CLEC12A	1	CLEC12A	
NRXN1	1	NRXN1	
NRXN3	1	NRXN3	
NRXN2	1	NRXN2	
PDXP	1	PDXP	
NXF1	1	NXF1	
MUC1	1	MUC1	
PDE11A	1	PDE11A	
DDT	1	DDT	
GBP2	1	GBP2	
BUB1	1	BUB1	
GBP1	1	GBP1	
OPCML	1	OPCML	
SNCA	1	SNCA	
CRYGS	1	CRYGS	
ATP13A1	1	ATP13A1	
LUM	1	LUM	
CRYGD	1	CRYGD	
SLC4A8	1	SLC4A8	
DES	1	DES	
RPS6KB1	1	RPS6KB1	
ADAMDEC1	1	ADAMDEC1	
ARAF	1	ARAF	
C4BPA	1	C4BPA	
C4BPB	1	C4BPB	
SCAMP5	1	SCAMP5	
NSDHL	1	NSDHL	
ZFYVE27	1	ZFYVE27	
UBASH3B	1	UBASH3B	
IGLON5	1	IGLON5	
LIPN	1	LIPN	
LIPK	1	LIPK	
GBP6	1	GBP6	
GABARAPL2	1	GABARAPL2	
GABARAPL1	1	GABARAPL1	
STARD5	1	STARD5	
CSNK2A1	1	CSNK2A1	
CSNK2A2	1	CSNK2A2	
FIBCD1	1	FIBCD1	
HPCAL1	1	HPCAL1	
RNASE6	1	RNASE6	
RNASE4	1	RNASE4	
RNASE3	1	RNASE3	
CRIPTO	1	TDGF1	
PDYN	1	PDYN	
RNASE2	1	RNASE2	
HSPG2	1	HSPG2	
RNASE1	1	RNASE1	
RBP7	1	RBP7	
RBP4	1	RBP4	
SLC5A8	1	SLC5A8	
RBP5	1	RBP5	
PRKAR1B	1	PRKAR1B	
RBP1	1	RBP1	
TBPL1	1	TBPL1	
MTMR1	1	MTMR1	
HS3ST3A1	1	HS3ST3A1	
DHH	1	DHH	
EDDM3A	1	EDDM3A	
SLCO5A1	1	SLCO5A1	
EDDM3B	1	EDDM3B	
LY9	1	LY9	
OAZ1	1	OAZ1	
MTMR6	1	MTMR6	
C2	1	C2	
SLC5A5	1	SLC5A5	
C3	1	C3	
C5	1	C5	
C6	1	C6	
HSPH1	1	HSPH1	
KLRK1	1	KLRK1	
C7	1	C7	
C9	1	C9	
PRKAR2A	1	PRKAR2A	
VTI1A	1	VTI1A	
PPARGC1A	1	PPARGC1A	
VTI1B	1	VTI1B	
LYN	1	LYN	
MCTS1	1	MCTS1	
NGFR	1	NGFR	
PMM1	1	PMM1	
PMM2	1	PMM2	
ERLIN1	1	ERLIN1	
AZU1	1	AZU1	
NETO2	1	NETO2	
LYZ	1	LYZ	
CP	1	CP	
COL1A1	1	COL1A1	
CS	1	CS	
PCDHGA10	1	PCDHGA10	
PCDHGA12	1	PCDHGA12	
UCK2	1	UCK2	
LACRT	1	LACRT	
ARF3	1	ARF3	
ARF4	1	ARF4	
LAD1	1	LAD1	
ARF1	1	ARF1	
UCMA	1	UCMA	
HEXB	1	HEXB	
QPRT	1	QPRT	
AREG	1	AREG	
PQBP1	1	PQBP1	
EEA1	1	EEA1	
UCN3	1	UCN3	
RPLP2	1	RPLP2	
FGFBP3	1	FGFBP3	
APPL1	1	APPL1	
ARG2	1	ARG2	
FGFBP1	1	FGFBP1	
ARG1	1	ARG1	
OPALIN	1	OPALIN	
RIPK2	1	RIPK2	
RRAS2	1	RRAS2	
SIRT5	1	SIRT5	
DYNLL1	1	DYNLL1	
F2	1	F2	
DYNLL2	1	DYNLL2	
F3	1	F3	
SIRT2	1	SIRT2	
SUMF2	1	SUMF2	
F5	1	F5	
SIRT3	1	SIRT3	
SUMF1	1	SUMF1	
F7	1	F7	
F8	1	F8	
BDH2	1	BDH2	
F9	1	F9	
ACRV1	1	ACRV1	
PMP2	1	PMP2	
DLD	1	DLD	
DSCAML1	1	DSCAML1	
ARF5	1	ARF5	
ARF6	1	ARF6	
FH	1	FH	
STAU1	1	STAU1	
STAU2	1	STAU2	
STATH	1	STATH	
FSTL1	1	FSTL1	
FSTL4	1	FSTL4	
FSTL3	1	FSTL3	
FSTL5	1	FSTL5	
MYCT1	1	MYCT1	
PMS2	1	PMS2	
STAT6	1	STAT6	
CSMD2	1	CSMD2	
GC	1	GC	
RPS27A	1	RPS27A	
CSMD1	1	CSMD1	
MDH1	1	MDH1	
C20orf173	1	C20orf173	
MDH2	1	MDH2	
STAT1	1	STAT1	
STAT3	1	STAT3	
C22orf15	1	C22orf15	
PECR	1	PECR	
UBE2D4	1	UBE2D4	
UBE2D2	1	UBE2D2	
UBE2D3	1	UBE2D3	
CXCL17	1	CXCL17	
HP	1	HP	
UBE2D1	1	UBE2D1	
DEFB1	1	DEFB1	
CXCL13	1	CXCL13	
CXCL14	1	CXCL14	
CXCL16	1	CXCL16	
HPGDS	1	HPGDS	
HEPHL1	1	HEPHL1	
STK16	1	STK16	
KPNA6	1	KPNA6	
KPNA4	1	KPNA4	
KPNA2	1	KPNA2	
SLC16A3	1	SLC16A3	
KPNA1	1	KPNA1	
CPA2	1	CPA2	
IK	1	IK	
LAG3	1	LAG3	
TICAM2	1	TICAM2	
UBE2E1	1	UBE2E1	
MUL1	1	MUL1	
ADCYAP1	1	ADCYAP1	
ACAP2	1	ACAP2	
UTS2	1	UTS2	
NPTXR	1	NPTXR	
DSC1	1	DSC1	
DSC2	1	DSC2	
KPNB1	1	KPNB1	
DSC3	1	DSC3	
ARL9	1	ARL9	
CPB2	1	CPB2	
CPB1	1	CPB1	
PFKFB3	1	PFKFB3	
ARL6	1	ARL6	
MAX	1	MAX	
PEF1	1	PEF1	
ARL3	1	ARL3	
MAZ	1	MAZ	
ARL1	1	ARL1	
ARL2	1	ARL2	
DPT	1	DPT	
TNFRSF11B	1	TNFRSF11B	
FOXO3	1	FOXO3	
FHIT	1	FHIT	
ACAT2	1	ACAT2	
RAP1GAP	1	RAP1GAP	
ACAT1	1	ACAT1	
SOCS3	1	SOCS3	
BCL2L10	1	BCL2L10	
BCL2L11	1	BCL2L11	
PMVK	1	PMVK	
NPTX1	1	NPTX1	
NPTX2	1	NPTX2	
SOCS7	1	SOCS7	
CPA4	1	CPA4	
COL28A1	1	COL28A1	
KL	1	KL	
BRPF1	1	BRPF1	
BDNF	1	BDNF	
DEFA5	1	DEFA5	
TNFRSF10B	1	TNFRSF10B	
TNFRSF10A	1	TNFRSF10A	
DEFA1	1	DEFA1	
TNFRSF10D	1	TNFRSF10D	
CXCL10	1	CXCL10	
CXCL11	1	CXCL11	
CXCL12	1	CXCL12	
STK24	1	STK24	
UST	1	UST	
MDM2	1	MDM2	
SCGB3A1	1	SCGB3A1	
MDM4	1	MDM4	
MDM1	1	MDM1	
CNTNAP2	1	CNTNAP2	
DRAXIN	1	DRAXIN	
ST6GALNAC1	1	ST6GALNAC1	
NXT1	1	NXT1	
ST6GALNAC2	1	ST6GALNAC2	
CELF2	1	CELF2	
COX4I2	1	COX4I2	
FHL1	1	FHL1	
FOXM1	1	FOXM1	
NXT2	1	NXT2	
PIK3CG	1	PIK3CG	
NGRN	1	NGRN	
MRPL2	1	MRPL2	
MB	1	MB	
MDK	1	MDK	
SUMO3	1	SUMO3	
SUMO2	1	SUMO2	
DGCR6	1	DGCR6	
DGCR2	1	DGCR2	
PVRIG	1	PVRIG	
GKN1	1	GKN1	
SH2D3C	1	SH2D3C	
GKN2	1	GKN2	
FOXL2	1	FOXL2	
RAD23A	1	RAD23A	
RAD23B	1	RAD23B	
SLC25A18	1	SLC25A18	
SNPH	1	SNPH	
IL1RAPL2	1	IL1RAPL2	
DSG1	1	DSG1	
DSG2	1	DSG2	
DSG3	1	DSG3	
BDP1	1	BDP1	
ST6GALNAC3	1	ST6GALNAC3	
MET	1	MET	
CNTNAP5	1	CNTNAP5	
ST6GALNAC5	1	ST6GALNAC5	
ST6GALNAC6	1	ST6GALNAC6	
COL15A1	1	COL15A1	
LRP1	1	LRP1	
HSD17B14	1	HSD17B14	
LRP4	1	LRP4	
FURIN	1	FURIN	
LRP2	1	LRP2	
HSD17B11	1	HSD17B11	
HSD17B10	1	HSD17B10	
LRP8	1	LRP8	
CKMT2	1	CKMT2	
SLITRK1	1	SLITRK1	
SLITRK4	1	SLITRK4	
SLITRK3	1	SLITRK3	
SLITRK6	1	SLITRK6	
SLITRK5	1	SLITRK5	
PCBD1	1	PCBD1	
PCBD2	1	PCBD2	
C1orf226	1	C1orf226	
CTHRC1	1	CTHRC1	
LINGO1	1	LINGO1	
PPP1R14A	1	PPP1R14A	
DUT	1	DUT	
LINGO3	1	LINGO3	
MMAB	1	MMAB	
MGA	1	MGA	
TIE1	1	TIE1	
FOXJ2	1	FOXJ2	
BAIAP2	1	BAIAP2	
NELL2	1	NELL2	
NELL1	1	NELL1	
PC	1	PC	
MGP	1	MGP	
P4HB	1	P4HB	
MDGA2	1	MDGA2	
MDGA1	1	MDGA1	
SPG21	1	SPG21	
EIF4A2	1	EIF4A2	
EPHB6	1	EPHB6	
EIF4A1	1	EIF4A1	
SPON2	1	SPON2	
SPON1	1	SPON1	
C1orf210	1	C1orf210	
EIF4A3	1	EIF4A3	
TXNDC11	1	TXNDC11	
TXNDC12	1	TXNDC12	
UBE2L6	1	UBE2L6	
TXNDC15	1	TXNDC15	
UBE2L3	1	UBE2L3	
C2orf66	1	C2orf66	
TCL1B	1	TCL1B	
TCL1A	1	TCL1A	
DHX58	1	DHX58	
BCAP29	1	BCAP29	
EPHB2	1	EPHB2	
EPHB1	1	EPHB1	
PELO	1	PELO	
EPHB4	1	EPHB4	
EPHB3	1	EPHB3	
EPHA5	1	EPHA5	
ARSA	1	ARSA	
EPHA4	1	EPHA4	
ENTPD1	1	ENTPD1	
EPHA7	1	EPHA7	
ENTPD2	1	ENTPD2	
ENTPD3	1	ENTPD3	
MIA	1	MIA	
MUSK	1	MUSK	
ENTPD5	1	ENTPD5	
NPFF	1	NPFF	
ENTPD6	1	ENTPD6	
TIMD4	1	TIMD4	
MIF	1	MIF	
ASRGL1	1	ASRGL1	
SFRP4	1	SFRP4	
SFRP1	1	SFRP1	
FNDC4	1	FNDC4	
SFRP2	1	SFRP2	
MXRA8	1	MXRA8	
ULK3	1	ULK3	
TAGLN2	1	TAGLN2	
LAP3	1	LAP3	
MXRA7	1	MXRA7	
TAGLN3	1	TAGLN3	
EPHA1	1	EPHA1	
EPHA3	1	EPHA3	
EPHA2	1	EPHA2	
GCDH	1	GCDH	
TMEM87B	1	TMEM87B	
PAXIP1	1	PAXIP1	
EPHA10	1	EPHA10	
CAPSL	1	CAPSL	
FOXG1	1	FOXG1	
MST1R	1	MST1R	
PIK3R1	1	PIK3R1	
RTF1	1	RTF1	
EVPL	1	EVPL	
ART3	1	ART3	
ART4	1	ART4	
UBE2J1	1	UBE2J1	
SNX3	1	SNX3	
SNX4	1	SNX4	
SNX1	1	SNX1	
COMMD9	1	COMMD9	
PCBP1	1	PCBP1	
ARSK	1	ARSK	
PENK	1	PENK	
DHX38	1	DHX38	
SNX7	1	SNX7	
SNX8	1	SNX8	
ARSB	1	ARSB	
SNX5	1	SNX5	
CRADD	1	CRADD	
INTS3	1	INTS3	
CELA1	1	CELA1	
PILRA	1	PILRA	
TF	1	TF	
TG	1	TG	
ARTN	1	ARTN	
COL9A1	1	COL9A1	
PCSK2	1	PCSK2	
PCSK1	1	PCSK1	
TNFRSF13B	1	TNFRSF13B	
CCDC126	1	CCDC126	
FKBP14	1	FKBP14	
CETN2	1	CETN2	
CETN3	1	CETN3	
PCSK9	1	PCSK9	
DOC2B	1	DOC2B	
PCSK7	1	PCSK7	
TNFRSF13C	1	TNFRSF13C	
CHRDL2	1	CHRDL2	
CHRDL1	1	CHRDL1	
MLN	1	MLN	
MYDGF	1	MYDGF	
GNGT2	1	GNGT2	
ACADL	1	ACADL	
HYAL1	1	HYAL1	
ACADM	1	ACADM	
ACADS	1	ACADS	
ACAD8	1	ACAD8	
NCOA2	1	NCOA2	
DBNL	1	DBNL	
TNFRSF12A	1	TNFRSF12A	
COMMD1	1	COMMD1	
OSMR	1	OSMR	
COMMD7	1	COMMD7	
ENAH	1	ENAH	
LAT2	1	LAT2	
VSNL1	1	VSNL1	
CSDE1	1	CSDE1	
CRELD1	1	CRELD1	
FOXC2	1	FOXC2	
DEFB129	1	DEFB129	
DEFB128	1	DEFB128	
SATB1	1	SATB1	
SATB2	1	SATB2	
DOT1L	1	DOT1L	
DEFB125	1	DEFB125	
NEDD9	1	NEDD9	
CRIP2	1	CRIP2	
DEFB121	1	DEFB121	
CRIP1	1	CRIP1	
CPN2	1	CPN2	
CPN1	1	CPN1	
PGRMC1	1	PGRMC1	
PGRMC2	1	PGRMC2	
PES1	1	PES1	
SCAND1	1	SCAND1	
NPDC1	1	NPDC1	
NPM1	1	NPM1	
GCH1	1	GCH1	
MOG	1	MOG	
CRIPT	1	CRIPT	
DEFB136	1	DEFB136	
KLK13	1	KLK13	
DEFB135	1	DEFB135	
KLK14	1	KLK14	
KLK15	1	KLK15	
UBE2G1	1	UBE2G1	
UBE2G2	1	UBE2G2	
DEFB132	1	DEFB132	
KLK10	1	KLK10	
KLK11	1	KLK11	
KLK12	1	KLK12	
XG	1	XG	
CSDC2	1	CSDC2	
FKBP1B	1	FKBP1B	
YIPF6	1	YIPF6	
FAM171B	1	FAM171B	
TARDBP	1	TARDBP	
ENGASE	1	ENGASE	
MAD2L1	1	MAD2L1	
CCDC167	1	CCDC167	
SH3GL3	1	SH3GL3	
PLVAP	1	PLVAP	
MPG	1	MPG	
BCCIP	1	BCCIP	
MPL	1	MPL	
CPOX	1	CPOX	
WBP1L	1	WBP1L	
MPO	1	MPO	
NPPB	1	NPPB	
FAM174A	1	FAM174A	
MPZ	1	MPZ	
NPPA	1	NPPA	
CAPN2	1	CAPN2	
CAPN3	1	CAPN3	
ACAA1	1	ACAA1	
SH3GL2	1	SH3GL2	
PDGFRB	1	PDGFRB	
PDGFRA	1	PDGFRA	
PCOLCE	1	PCOLCE	
NPNT	1	NPNT	
PDGFRL	1	PDGFRL	
DPEP2	1	DPEP2	
UBE2V2	1	UBE2V2	
DPEP1	1	DPEP1	
UBE2V1	1	UBE2V1	
VCL	1	VCL	
NDRG4	1	NDRG4	
NDRG3	1	NDRG3	
ARHGEF25	1	ARHGEF25	
KLHL12	1	KLHL12	
KIR2DL1	1	KIR2DL1	
KLHL13	1	KLHL13	
KIR2DL2	1	KIR2DL2	
KIR2DL3	1	KIR2DL3	
NDRG1	1	NDRG1	
KIR2DL4	1	KIR2DL4	
HCAR2	1	HCAR2	
CCNB2	1	CCNB2	
CCNB1	1	CCNB1	
CHAD	1	CHAD	
TAC4	1	TAC4	
TAC1	1	TAC1	
VARS1	1	VARS	
CCDC134	1	CCDC134	
GCKR	1	GCKR	
VDR	1	VDR	
CRIM1	1	CRIM1	
HMGA1	1	HMGA1	
DSTN	1	DSTN	
HMGA2	1	HMGA2	
LAYN	1	LAYN	
MSN	1	MSN	
BMP7	1	BMP7	
BMP6	1	BMP6	
GULP1	1	GULP1	
BMP4	1	BMP4	
BMP3	1	BMP3	
BMP2	1	BMP2	
BMP1	1	BMP1	
CYCS	1	CYCS	
OSTN	1	OSTN	
GCLM	1	GCLM	
LGALS3BP	1	LGALS3BP	
PNLIPRP1	1	PNLIPRP1	
RTP4	1	RTP4	
YWHAE	1	YWHAE	
CD164L2	1	CD164L2	
EDA	1	EDA	
CNRIP1	1	CNRIP1	
YWHAB	1	YWHAB	
CHD7	1	CHD7	
ATP2A3	1	ATP2A3	
HMGB2	1	HMGB2	
HMGB3	1	HMGB3	
PSIP1	1	PSIP1	
LAMC2	1	LAMC2	
HMGB1	1	HMGB1	
YWHAQ	1	YWHAQ	
CD200R1L	1	CD200R1L	
NPTN	1	NPTN	
SULT4A1	1	SULT4A1	
CFAP45	1	CFAP45	
YWHAG	1	YWHAG	
YWHAH	1	YWHAH	
HS3ST3B1	1	HS3ST3B1	
ARHGEF10	1	ARHGEF10	
RBM17	1	RBM17	
MMP7	1	MMP7	
DYNLT1	1	DYNLT1	
GLRX3	1	GLRX3	
MMP1	1	MMP1	
DYNLT3	1	DYNLT3	
GLRX5	1	GLRX5	
MMP2	1	MMP2	
MMP3	1	MMP3	
RBM19	1	RBM19	
ABHD14B	1	ABHD14B	
DARS2	1	DARS2	
ABHD14A	1	ABHD14A	
GLRX2	1	GLRX2	
GPCPD1	1	GPCPD1	
MMP8	1	MMP8	
MMP9	1	MMP9	
YWHAZ	1	YWHAZ	
CCNA2	1	CCNA2	
RCN3	1	RCN3	
RCN1	1	RCN1	
IRF3	1	IRF3	
IRF4	1	IRF4	
TBC1D5	1	TBC1D5	
CDHR1	1	CDHR1	
IRF1	1	IRF1	
IRF2	1	IRF2	
MMRN2	1	MMRN2	
PEX5	1	PEX5	
CDHR3	1	CDHR3	
BLVRB	1	BLVRB	
CDHR5	1	CDHR5	
MVD	1	MVD	
IRF6	1	IRF6	
RBM23	1	RBM23	
RBM24	1	RBM24	
BLVRA	1	BLVRA	
IRF9	1	IRF9	
RBM22	1	RBM22	
MVK	1	MVK	
GOSR2	1	GOSR2	
LAMA4	1	LAMA4	
PNKP	1	PNKP	
GOSR1	1	GOSR1	
RRBP1	1	RRBP1	
HMGCR	1	HMGCR	
ACVR1B	1	ACVR1B	
CYGB	1	CYGB	
EFS	1	EFS	
VHL	1	VHL	
CHGA	1	CHGA	
RBM39	1	RBM39	
TAF15	1	TAF15	
NAA10	1	NAA10	
EGF	1	EGF	
TAF10	1	TAF10	
MX1	1	MX1	
SOD2	1	SOD2	
ACVR2B	1	ACVR2B	
SCIMP	1	SCIMP	
SOD3	1	SOD3	
ACVR2A	1	ACVR2A	
CHFR	1	CHFR	
SOD1	1	SOD1	
GLB1	1	GLB1	
ASB9	1	ASB9	
VIM	1	VIM	
CPVL	1	CPVL	
VIP	1	VIP	
RBM46	1	RBM46	
PNMT	1	PNMT	
VIT	1	VIT	
EHF	1	EHF	
RPL30	1	RPL30	
TRIO	1	TRIO	
TRIL	1	TRIL	
THYN1	1	THYN1	
ENO1	1	ENO1	
DCAF5	1	DCAF5	
ENO2	1	ENO2	
ENO3	1	ENO3	
GCSH	1	GCSH	
MILR1	1	MILR1	
RNF114	1	RNF114	
CREB3L4	1	CREB3L4	
CREB3L1	1	CREB3L1	
MYC	1	MYC	
CREB3L2	1	CREB3L2	
MYB	1	MYB	
PIP4K2A	1	PIP4K2A	
PIP4K2B	1	PIP4K2B	
CHGB	1	CHGB	
SULT2A1	1	SULT2A1	
MED1	1	MED1	
CHIA	1	CHIA	
NHLRC3	1	NHLRC3	
GLCE	1	GLCE	
MED4	1	MED4	
DKK1	1	DKK1	
DKK2	1	DKK2	
DKK3	1	DKK3	
DKK4	1	DKK4	
SULT2B1	1	SULT2B1	
RNF128	1	RNF128	
TYRO3	1	TYRO3	
RNF122	1	RNF122	
VPS26A	1	VPS26A	
A1BG	1	A1BG	
PRDX3	1	PRDX3	
PRDX5	1	PRDX5	
PRDX4	1	PRDX4	
PRDX1	1	PRDX1	
PLCG2	1	PLCG2	
PNPO	1	PNPO	
PLCG1	1	PLCG1	
WNT10A	1	WNT10A	
CHKB	1	CHKB	
JUND	1	JUND	
DNASE2B	1	DNASE2B	
KIR2DS2	1	KIR2DS2	
RNASE10	1	RNASE10	
KIR2DS4	1	KIR2DS4	
TMEM190	1	TMEM190	
RNASE13	1	RNASE13	
PA2G4	1	PA2G4	
A1CF	1	A1CF	
PRDX6	1	PRDX6	
FIBP	1	FIBP	
SLC6A9	1	SLC6A9	
GIPC1	1	GIPC1	
PNOC	1	PNOC	
CDK16	1	PCTK1	
ELL	1	ELL	
SPEF1	1	SPEF1	
IMPA1	1	IMPA1	
CHL1	1	CHL1	
IMPA2	1	IMPA2	
ENSA	1	ENSA	
RNF150	1	RNF150	
LDLRAP1	1	LDLRAP1	
GPR135	1	GPR135	
RIPPLY1	1	RIPPLY1	
FCER2	1	FCER2	
PLCB1	1	PLCB1	
CCDC90B	1	CCDC90B	
ENG	1	ENG	
HBEGF	1	HBEGF	
PCYOX1	1	PCYOX1	
ASAH1	1	ASAH1	
ASAH2	1	ASAH2	
RPL12	1	RPL12	
ASIP	1	ASIP	
GCNT1	1	GCNT1	
PATE1	1	PATE1	
TANK	1	TANK	
PATE4	1	PATE4	
GCNT2	1	GCNT2	
ANKRD54	1	ANKRD54	
GCNT4	1	GCNT4	
DTD1	1	DTD1	
DTD2	1	DTD2	
F10	1	F10	
CARD9	1	CARD9	
F11	1	F11	
GUCA2B	1	GUCA2B	
TTC9B	1	TTC9B	
SULF2	1	SULF2	
TMEM154	1	TMEM154	
FIG4	1	FIG4	
RNF146	1	RNF146	
ERP44	1	ERP44	
RNF148	1	RNF148	
GPR142	1	GPR142	
NMNAT1	1	NMNAT1	
RNF149	1	RNF149	
A4GNT	1	A4GNT	
MSRB2	1	MSRB2	
MSRB3	1	MSRB3	
LAMTOR3	1	LAMTOR3	
CSF3R	1	CSF3R	
EPO	1	EPO	
FAM107A	1	FAM107A	
GUCA1A	1	GUCA1A	
YEATS4	1	YEATS4	
GRB14	1	GRB14	
NAGLU	1	NAGLU	
GRAP2	1	GRAP2	
GRB10	1	GRB10	
MACROD1	1	MACROD1	
CHP1	1	CHP1	
ZNF566	1	ZNF566	
CD177	1	CD177	
RNF43	1	RNF43	
ZNF560	1	ZNF560	
DEFB119	1	DEFB119	
ANKRD46	1	ANKRD46	
DEFB118	1	DEFB118	
FAM24B	1	FAM24B	
DEFB116	1	DEFB116	
DEFB115	1	DEFB115	
DEFB113	1	DEFB113	
DEFB112	1	DEFB112	
DEFB110	1	DEFB110	
RNF41	1	RNF41	
STIM1	1	STIM1	
NCL	1	NCL	
ERP29	1	ERP29	
GAPDHS	1	GAPDHS	
ERH	1	ERH	
ERP27	1	ERP27	
IAPP	1	IAPP	
PHPT1	1	PHPT1	
MAD1L1	1	MAD1L1	
CSF1R	1	CSF1R	
GLO1	1	GLO1	
CHRD	1	CHRD	
STIP1	1	STIP1	
VTN	1	VTN	
ESD	1	ESD	
ABL1	1	ABL1	
ABL2	1	ABL2	
ESRRA	1	ESRRA	
CD163	1	CD163	
ANKRD27	1	ANKRD27	
CD160	1	CD160	
ZG16B	1	ZG16B	
LSM1	1	LSM1	
LSM4	1	LSM4	
HOPX	1	HOPX	
CNOT1	1	CNOT1	
RLN2	1	RLN2	
RLN3	1	RLN3	
GPR107	1	GPR107	
GPR101	1	GPR101	
EIF4G3	1	EIF4G3	
CNOT9	1	RQCD1	
EIF4G2	1	EIF4G2	
DPP10	1	DPP10	
RNF13	1	RNF13	
CALCOCO2	1	CALCOCO2	
TREM2	1	TREM2	
NAGPA	1	NAGPA	
TREM1	1	TREM1	
INSL6	1	INSL6	
DNMT3L	1	DNMT3L	
GM2A	1	GM2A	
ZNF526	1	ZNF526	
CNGA2	1	CNGA2	
HIF1AN	1	HIF1AN	
SOST	1	SOST	
INSL3	1	INSL3	
INSL5	1	INSL5	
INSL4	1	INSL4	
PDCD6IP	1	PDCD6IP	
VWF	1	VWF	
SORD	1	SORD	
MEPE	1	MEPE	
VSTM2L	1	VSTM2L	
ZFP91	1	ZFP91	
KCNAB2	1	KCNAB2	
NGF	1	NGF	
ASPN	1	ASPN	
BET1L	1	BET1L	
SARS2	1	SARS2	
ASPH	1	ASPH	
ESRP1	1	ESRP1	
SCGB2A1	1	SCGB2A1	
IL3RA	1	IL3RA	
EVL	1	EVL	
EIF4E2	1	EIF4E2	
SOS1	1	SOS1	
ASPA	1	ASPA	
SMPDL3A	1	SMPDL3A	
NLGN3	1	NLGN3	
NLGN1	1	NLGN1	
NLGN2	1	NLGN2	
RNF34	1	RNF34	
WBP2	1	WBP2	
ITLN1	1	ITLN1	
GLRX	1	GLRX	
PUF60	1	PUF60	
RBBP4	1	RBBP4	
RBBP5	1	RBBP5	
RBBP9	1	RBBP9	
RBBP6	1	RBBP6	
SNRPB2	1	SNRPB2	
RCVRN	1	RCVRN	
KCNIP1	1	KCNIP1	
RNF24	1	RNF24	
KCNIP3	1	KCNIP3	
TXNRD1	1	TXNRD1	
KCNIP4	1	KCNIP4	
CBLN4	1	CBLN4	
PFKM	1	PFKM	
METAP1	1	METAP1	
CBLN1	1	CBLN1	
CUL4B	1	CUL4B	
METAP2	1	METAP2	
GLTP	1	GLTP	
GORAB	1	GORAB	
LST1	1	LST1	
SOX2	1	SOX2	
CHEK2	1	CHEK2	
CHEK1	1	CHEK1	
ARL6IP5	1	ARL6IP5	
HABP4	1	HABP4	
GLUL	1	GLUL	
GOLGA7	1	GOLGA7	
EYS	1	EYS	
AGFG1	1	AGFG1	
IQCF3	1	IQCF3	
RECQL	1	RECQL	
IQCF1	1	IQCF1	
JMJD6	1	JMJD6	
CARHSP1	1	CARHSP1	
COX7A2L	1	COX7A2L	
ASTL	1	ASTL	
RRAGC	1	RRAGC	
CD109	1	CD109	
COL8A1	1	COL8A1	
EZR	1	EZR	
PFN2	1	PFN2	
WFDC11	1	WFDC11	
HEPACAM	1	HEPACAM	
PDE1A	1	PDE1A	
EIF5A2	1	EIF5A2	
CD99L2	1	CD99L2	
UMOD	1	UMOD	
FADD	1	FADD	
WFDC13	1	WFDC13	
FIS1	1	FIS1	
NMB	1	NMB	
PDE2A	1	PDE2A	
TREX2	1	TREX2	
GDF2	1	GDF2	
IGFL3	1	IGFL3	
RAB39B	1	RAB39B	
IFNLR1	1	IFNLR1	
PARP16	1	PARP16	
GDF3	1	GDF3	
NMI	1	NMI	
ACADSB	1	ACADSB	
ALOX15B	1	ALOX15B	
GDF5	1	GDF5	
GNG11	1	GNG11	
ZWINT	1	ZWINT	
GDF7	1	GDF7	
GDF9	1	GDF9	
PARP11	1	PARP11	
NMS	1	NMS	
NMU	1	NMU	
PDE3A	1	PDE3A	
ITM2A	1	ITM2A	
ITM2B	1	ITM2B	
ITM2C	1	ITM2C	
ACVRL1	1	ACVRL1	
CLIC5	1	CLIC5	
CLIC4	1	CLIC4	
GDI1	1	GDI1	
FAF2	1	FAF2	
GDI2	1	GDI2	
OLA1	1	OLA1	
STAB2	1	STAB2	
MYL6B	1	MYL6B	
KRT20	1	KRT20	
QRFP	1	QRFP	
CX3CL1	1	CX3CL1	
GLIPR1	1	GLIPR1	
GLIPR2	1	GLIPR2	
GUK1	1	GUK1	
STAB1	1	STAB1	
ANKRD1	1	ANKRD1	
GNPNAT1	1	GNPNAT1	
CLIC2	1	CLIC2	
CLIC1	1	CLIC1	
MAP4K1	1	MAP4K1	
MANBA	1	MANBA	
INSRR	1	INSRR	
NOG	1	NOG	
PRMT3	1	PRMT3	
KREMEN1	1	KREMEN1	
AMPD2	1	AMPD2	
KREMEN2	1	KREMEN2	
OTOR	1	OTOR	
NAALADL1	1	NAALADL1	
B3GNT8	1	B3GNT8	
B3GNT4	1	B3GNT4	
MPPED2	1	MPPED2	
FAM20B	1	FAM20B	
B3GNT2	1	B3GNT2	
ALDOC	1	ALDOC	
SGK3	1	SGK3	
ALDOB	1	ALDOB	
FAM20A	1	FAM20A	
ALDOA	1	ALDOA	
LILRA6	1	LILRA6	
MYCBP	1	MYCBP	
MCCD1	1	MCCD1	
AKAP7	1	AKAP7	
LYZL2	1	LYZL2	
NPL	1	NPL	
LILRA2	1	LILRA2	
LILRA3	1	LILRA3	
LILRA4	1	LILRA4	
LILRA5	1	LILRA5	
NPS	1	NPS	
NPW	1	NPW	
NCR3LG1	1	NCR3LG1	
MAP4K3	1	MAP4K3	
MPZL1	1	MPZL1	
MPZL2	1	MPZL2	
CA12	1	CA12	
CA11	1	CA11	
NQO1	1	NQO1	
CA10	1	CA10	
NQO2	1	NQO2	
C19orf18	1	C19orf18	
LILRB1	1	LILRB1	
LILRB2	1	LILRB2	
FAH	1	FAH	
LILRB3	1	LILRB3	
LILRB4	1	LILRB4	
LILRB5	1	LILRB5	
TJP1	1	TJP1	
KRT19	1	KRT19	
KRT18	1	KRT18	
TPPP2	1	TPPP2	
FAP	1	FAP	
KRT17	1	KRT17	
KRT16	1	KRT16	
TRIP10	1	TRIP10	
FAS	1	FAS	
AMY2A	1	AMY2A	
AMY2B	1	AMY2B	
SIRPG	1	SIRPG	
HDLBP	1	HDLBP	
MANEA	1	MANEA	
FBL	1	FBL	
PTTG1	1	PTTG1	
SIRPA	1	SIRPA	
MAGEB10	1	MAGEB10	
CA13	1	CA13	
NSF	1	NSF	
AMY1A	1	AMY1A	
CD300A	1	CD300A	
OCRL	1	OCRL	
WRNIP1	1	WRNIP1	
KRT72	1	KRT72	
DCTD	1	DCTD	
ALDH3A1	1	ALDH3A1	
GLTPD2	1	GLTPD2	
DNAJC30	1	DNAJC30	
ELMO1	1	ELMO1	
KLRF1	1	KLRF1	
CD300E	1	CD300E	
RELL1	1	RELL1	
CD300C	1	CD300C	
RELL2	1	RELL2	
ISCU	1	ISCU	
PDE9A	1	PDE9A	
FAIM	1	FAIM	
H6PD	1	H6PD	
KLRB1	1	KLRB1	
NTM	1	NTM	
LTBP4	1	LTBP4	
DTX1	1	DTX1	
CPLX2	1	CPLX2	
NID1	1	NID1	
NTS	1	NTS	
SEL1L2	1	SEL1L2	
CPLX1	1	CPLX1	
DNAJC27	1	DNAJC27	
NID2	1	NID2	
SDCBP	1	SDCBP	
ASIC4	1	ASIC4	
ALDH3B1	1	ALDH3B1	
STAP1	1	STAP1	
KLRC1	1	KLRC1	
SUDS3	1	SUDS3	
ACBD7	1	ACBD7	
BTNL9	1	BTNL9	
DNAJC19	1	DNAJC19	
HSPA9	1	HSPA9	
ACBD6	1	ACBD6	
BTNL8	1	BTNL8	
HSPA8	1	HSPA8	
TGFB2	1	TGFB2	
TGFB1	1	TGFB1	
HSPA5	1	HSPA5	
KLRC3	1	KLRC3	
TGFB3	1	TGFB3	
KLRC4	1	KLRC4	
HSPA6	1	HSPA6	
DNAJC11	1	DNAJC11	
BTNL3	1	BTNL3	
TBCB	1	TBCB	
TBCA	1	TBCA	
DNAJC15	1	DNAJC15	
DNAJC16	1	DNAJC16	
ACSF2	1	ACSF2	
DNAJC17	1	DNAJC17	
DNAJC18	1	DNAJC18	
NFKBIA	1	NFKBIA	
FER	1	FER	
DLG2	1	DLG2	
DLG3	1	DLG3	
GDNF	1	GDNF	
DLG4	1	DLG4	
FEV	1	FEV	
DNAJC10	1	DNAJC10	
RFXAP	1	RFXAP	
TBCE	1	TBCE	
COL20A1	1	COL20A1	
TMEM119	1	TMEM119	
TGFBI	1	TGFBI	
PALS2	1	MPP6	
NFKBID	1	NFKBID	
NFKBIB	1	NFKBIB	
CXCL6	1	CXCL6	
ACADVL	1	ACADVL	
CXCL9	1	CXCL9	
CXCL8	1	CXCL8	
HSPB6	1	HSPB6	
LRRC74A	1	LRRC74A	
DOCK9	1	DOCK9	
LMOD1	1	LMOD1	
HSPB1	1	HSPB1	
CXCL1	1	CXCL1	
CXCL2	1	CXCL2	
ELAVL1	1	ELAVL1	
CXCL5	1	CXCL5	
SENP7	1	SENP7	
ALDH2	1	ALDH2	
CA5B	1	CA5B	
NETO1	1	NETO1	
CA5A	1	CA5A	
KYNU	1	KYNU	
TMEM108	1	TMEM108	
PDE4A	1	PDE4A	
POLI	1	POLI	
GUSB	1	GUSB	
HIBCH	1	HIBCH	
POLH	1	POLH	
FGB	1	FGB	
EGFL6	1	EGFL6	
DCXR	1	DCXR	
PDE4D	1	PDE4D	
FGG	1	FGG	
ARID1A	1	ARID1A	
FGR	1	FGR	
KCNA10	1	KCNA10	
PDE5A	1	PDE5A	
RGS18	1	RGS18	
RGS19	1	RGS19	
HPGD	1	HPGD	
TUFT1	1	TUFT1	
PON1	1	PON1	
LCAT	1	LCAT	
DLL1	1	DLL1	
DLL3	1	DLL3	
HSPD1	1	HSPD1	
DLL4	1	DLL4	
ACAN	1	ACAN	
IGFBPL1	1	IGFBPL1	
GMDS	1	GMDS	
KLRG2	1	KLRG2	
PDE6D	1	PDE6D	
RGS21	1	RGS21	
NRIP3	1	NRIP3	
SGTB	1	SGTB	
POLM	1	POLM	
SGTA	1	SGTA	
ARID3A	1	ARID3A	
OOSP2	1	OOSP2	
TSPEAR	1	TSPEAR	
HSPE1	1	HSPE1	
DLK1	1	DLK1	
DLK2	1	DLK2	
POMC	1	POMC	
POMK	1	POMK	
RGS10	1	RGS10	
LTBR	1	LTBR	
PDE7A	1	PDE7A	
GMFB	1	GMFB	
GMFG	1	GMFG	
ISM1	1	ISM1	
ENDOU	1	ENDOU	
NDST1	1	NDST1	
TBK1	1	TBK1	
AKT2	1	AKT2	
AKT3	1	AKT3	
AKT1	1	AKT1	
MLYCD	1	MLYCD	
MNX1	1	MNX1	
KRTDAP	1	KRTDAP	
ATG3	1	ATG3	
TSTD1	1	TSTD1	
FRS2	1	FRS2	
LDOC1	1	LDOC1	
MCEMP1	1	MCEMP1	
ISL1	1	ISL1	
ACE2	1	ACE2	
ATF6	1	ATF6	
CRABP2	1	CRABP2	
CRABP1	1	CRABP1	
PDGFB	1	PDGFB	
PDGFA	1	PDGFA	
PLA2G5	1	PLA2G5	
PLA2G7	1	PLA2G7	
EPB41L1	1	EPB41L1	
RNF215	1	RNF215	
SCGB1D2	1	SCGB1D2	
PDGFD	1	PDGFD	
PDGFC	1	PDGFC	
C14orf93	1	C14orf93	
ATG7	1	ATG7	
SULT1A3	1	SULT1A3	
ATG5	1	ATG5	
TSLP	1	TSLP	
FN1	1	FN1	
IL31RA	1	IL31RA	
MAGOHB	1	MAGOHB	
AIF1L	1	AIF1L	
TREML1	1	TREML1	
SULT1B1	1	SULT1B1	
TBL2	1	TBL2	
B4GAT1	1	B3GNT6	
CILP	1	CILP	
FASN	1	FASN	
TREML2	1	TREML2	
PYDC1	1	PYDC1	
F13B	1	F13B	
SFTA2	1	SFTA2	
ACHE	1	ACHE	
SIGLEC9	1	SIGLEC9	
ARHGAP1	1	ARHGAP1	
ARHGAP5	1	ARHGAP5	
OSBPL11	1	OSBPL11	
PEAR1	1	PEAR1	
MECP2	1	MECP2	
SULT1C2	1	SULT1C2	
SMPD1	1	SMPD1	
OLR1	1	OLR1	
TPSAB1	1	TPSAB1	
TPSG1	1	TPSG1	
RMI1	1	RMI1	
SPHK2	1	SPHK2	
SPHK1	1	SPHK1	
EPS15L1	1	EPS15L1	
OAF	1	OAF	
CINP	1	CINP	
PXDN	1	PXDN	
PPARA	1	PPARA	
NIP7	1	NIP7	
ODC1	1	ODC1	
TSR3	1	TSR3	
EGFR	1	EGFR	
NRAS	1	NRAS	
CNPY4	1	CNPY4	
SULT1E1	1	SULT1E1	
FRZB	1	FRZB	
MFN1	1	MFN1	
SPOP	1	SPOP	
SPP1	1	SPP1	
IL12RB1	1	IL12RB1	
IL12RB2	1	IL12RB2	
CENPV	1	CENPV	
CENPW	1	CENPW	
GOLM2	1	CASC4	
GOLM1	1	GOLM1	
WNT7A	1	WNT7A	
COL3A1	1	COL3A1	
RABIF	1	RABIF	
ETNK1	1	ETNK1	
SLMAP	1	SLMAP	
SIGLEC1	1	SIGLEC1	
SIGLEC8	1	SIGLEC8	
CRAT	1	CRAT	
EBAG9	1	EBAG9	
SIGLEC7	1	SIGLEC7	
CRLF1	1	CRLF1	
SIGLEC6	1	SIGLEC6	
CDKN3	1	CDKN3	
CRLF2	1	CRLF2	
SIGLEC5	1	SIGLEC5	
CRCP	1	CRCP	
NAB1	1	NAB1	
REG1B	1	REG1B	
GMNN	1	GMNN	
NAB2	1	NAB2	
REG1A	1	REG1A	
PLOD3	1	PLOD3	
PLOD2	1	PLOD2	
IBSP	1	IBSP	
MTPAP	1	MTPAP	
NUDT12	1	NUDT12	
BNIP3L	1	BNIP3L	
SPAG11B	2	SPAG11B:SPAG11A	
EIF1AY	1	EIF1AY	
EIF1AX	1	EIF1AX	
IST1	1	IST1	
FST	1	FST	
ADIPOQ	1	ADIPOQ	
CNPY3	1	CNPY3	
CDC25A	1	CDC25A	
CDC25B	1	CDC25B	
TPST2	1	TPST2	
ACLY	1	ACLY	
TPST1	1	TPST1	
MFNG	1	MFNG	
NAAA	1	NAAA	
IL6ST	1	IL6ST	
PLA2R1	1	PLA2R1	
SLC27A2	1	SLC27A2	
FTL	1	FTL	
SHC4	1	SHC4	
SPATA9	1	SPATA9	
CD274	1	CD274	
REG3A	1	REG3A	
LCN8	1	LCN8	
SHC2	1	SHC2	
DLX3	1	DLX3	
DLX4	1	DLX4	
SHC1	1	SHC1	
GMPS	1	GMPS	
GMPR	1	GMPR	
LIN7A	1	LIN7A	
REG3G	1	REG3G	
LIN7C	1	LIN7C	
LIN7B	1	LIN7B	
HSP90B1	1	HSP90B1	
EIF1AD	1	EIF1AD	
HNRNPDL	1	HNRNPDL	
G3BP1	1	G3BP1	
EIF4EBP1	1	EIF4EBP1	
G3BP2	1	G3BP2	
PGK1	1	PGK1	
SMYD2	1	SMYD2	
EIF4EBP2	1	EIF4EBP2	
EIF4EBP3	1	EIF4EBP3	
NAE1	1	NAE1	
PGK2	1	PGK2	
NADK	1	NADK	
TXNDC5	1	TXNDC5	
SLC14A1	1	SLC14A1	
SLC14A2	1	SLC14A2	
LTO1	1	ORAOV1	
ARPC5	1	ARPC5	
IFNW1	1	IFNW1	
NDC80	1	NDC80	
TMPRSS15	1	TMPRSS15	
IGSF11	1	IGSF11	
ARPC3	1	ARPC3	
NACA	1	NACA	
OGN	1	OGN	
TBXAS1	1	TBXAS1	
LCN2	1	LCN2	
LCN1	1	LCN1	
ZNF415	1	ZNF415	
HPSE	1	HPSE	
SHBG	1	SHBG	
NIT2	1	NIT2	
ZNF410	1	ZNF410	
SPRN	1	SPRN	
SNAP25	1	SNAP25	
ITGB5	1	ITGB5	
LEAP2	1	LEAP2	
ITGB2	1	ITGB2	
ITGAL	1	ITGAL	
RLBP1	1	RLBP1	
NRGN	1	NRGN	
ALAD	1	ALAD	
ACP6	1	ACP6	
ACP5	1	ACP5	
PGM2	1	PGM2	
ACP2	1	ACP2	
ITGB7	1	ITGB7	
ITGB6	1	ITGB6	
PGLS	1	PGLS	
UGT2A1	1	UGT2A1	
SMIM10	1	SMIM10	
ACP1	1	ACP1	
SNAP29	1	SNAP29	
PGM1	1	PGM1	
EIF5A	1	EIF5A	
SMIM13	1	SMIM13	
APAF1	1	APAF1	
ITGA2	1	ITGA2	
SPACA1	1	SPACA1	
AHSA1	1	AHSA1	
NRG1	1	NRG1	
TFIP11	1	TFIP11	
NRG2	1	NRG2	
SEZ6L	1	SEZ6L	
ATRN	1	ATRN	
MFRP	1	MFRP	
NRG3	1	NRG3	
RRM2B	1	RRM2B	
NRG4	1	NRG4	
SYF2	1	SYF2	
SPACA3	1	SPACA3	
ITGA5	1	ITGA5	
LCP1	1	LCP1	
SPACA5	1	SPACA5	
FXN	1	FXN	
PRPS2	1	PRPS2	
BECN1	1	BECN1	
PRPS1	1	PRPS1	
SMIM24	1	SMIM24	
ROCK2	1	ROCK2	
EHBP1	1	EHBP1	
FOXRED1	1	FOXRED1	
CDC42	1	CDC42	
ZNRF3	1	ZNRF3	
EIF4H	1	EIF4H	
FYN	1	FYN	
HNRNPA1	1	HNRNPA1	
EIF4E	1	EIF4E	
EIF4B	1	EIF4B	
GADD45GIP1	1	GADD45GIP1	
NTRK1	1	NTRK1	
NTRK2	1	NTRK2	
MARCKSL1	1	MARCKSL1	
PCDH9	1	PCDH9	
NTRK3	1	NTRK3	
PCDH8	1	PCDH8	
KIAA1549L	1	KIAA1549L	
FAM209B	1	FAM209B	
TBX5	1	TBX5	
HNRNPAB	1	HNRNPAB	
TBX3	1	TBX3	
SYT17	1	SYT17	
NAGK	1	NAGK	
SYT11	1	SYT11	
EIF3J	1	EIF3J	
EIF3G	1	EIF3G	
CD248	1	CD248	
STUB1	1	STUB1	
CD247	1	CD247	
NAGS	1	NAGS	
CD244	1	CD244	
HHIP	1	HHIP	
NUDT1	1	NUDT1	
NUDT2	1	NUDT2	
LDLRAD4	1	LDLRAD4	
LCTL	1	LCTL	
NUDT5	1	NUDT5	
NUDT3	1	NUDT3	
CRKL	1	CRKL	
IL27RA	1	IL27RA	
HERC5	1	HERC5	
HERC4	1	HERC4	
C1GALT1C1	1	C1GALT1C1	
HERC1	1	HERC1	
OPHN1	1	OPHN1	
SNRPD2	1	SNRPD2	
CPNE1	1	CPNE1	
PIEZO1	1	PIEZO1	
PTGFRN	1	PTGFRN	
SNRPD3	1	SNRPD3	
SPA17	1	SPA17	
SMARCC1	1	SMARCC1	
ACTN2	1	ACTN2	
ACTN1	1	ACTN1	
CTRB2	1	CTRB2	
CTRB1	1	CTRB1	
OMD	1	OMD	
CIRBP	1	CIRBP	
OMG	1	OMG	
ISLR2	1	ISLR2	
TALDO1	1	TALDO1	
CSNK1D	1	CSNK1D	
CCDC80	1	CCDC80	
CDC34	1	CDC34	
OMP	1	OMP	
PPA2	1	PPA2	
PPA1	1	PPA1	
CDC37	1	CDC37	
CSNK2B	1	CSNK2B	
CD226	1	CD226	
EIF1B	1	EIF1B	
TRIB2	1	TRIB2	
EPB41	1	EPB41	
PPCS	1	PPCS	
STAT5B	1	STAT5B	
REG4	1	REG4	
RAB27A	1	RAB27A	
RAB27B	1	RAB27B	
PPBP	1	PPBP	
IL1F10	1	IL1F10	
AIMP1	1	AIMP1	
CRNN	1	CRNN	
ALDH6A1	1	ALDH6A1	
CALY	1	CALY	
CD209	1	CD209	
CD207	1	CD207	
GNRH2	1	GNRH2	
GNRH1	1	GNRH1	
KYAT1	1	CCBL1	
CALR	1	CALR	
IGSF9B	1	IGSF9B	
MRAP2	1	MRAP2	
CD200	1	CD200	
DDR1	1	DDR1	
IL21	1	IL21	
WFDC8	1	WFDC8	
IL22	1	IL22	
NRP1	1	NRP1	
NRP2	1	NRP2	
IL20	1	IL20	
ACY1	1	ACY1	
IL25	1	IL25	
IL26	1	IL26	
IL24	1	IL24	
WFDC1	1	WFDC1	
CROT	1	CROT	
NAT14	1	NAT14	
WFDC5	1	WFDC5	
RAB22A	1	RAB22A	
WFDC2	1	WFDC2	
WFDC3	1	WFDC3	
THTPA	1	THTPA	
NANP	1	NANP	
MAP1LC3B	1	MAP1LC3B	
NUDCD3	1	NUDCD3	
MAP1LC3A	1	MAP1LC3A	
CRTAC1	1	CRTAC1	
UFD1	1	UFD1L	
NANS	1	NANS	
SPTAN1	1	SPTAN1	
CAMP	1	CAMP	
HTATIP2	1	HTATIP2	
CAP1	1	CAP1	
IL10	1	IL10	
IL11	1	IL11	
SFTPB	1	SFTPB	
PBRM1	1	PBRM1	
IL15	1	IL15	
FSHB	1	FSHB	
GAA	1	GAA	
PABPC4	1	PABPC4	
SFTPD	1	SFTPD	
IL18	1	IL18	
IL19	1	IL19	
IL16	1	IL16	
SYN3	1	SYN3	
DUS2	1	DUS2	
IL1A	1	IL1A	
GAL	1	GAL	
GAN	1	GAN	
IL1B	1	IL1B	
CANX	1	CANX	
UFC1	1	UFC1	
PABPC3	1	PABPC3	
MFGE8	1	MFGE8	
FJX1	1	FJX1	
DDR2	1	DDR2	
NAPA	1	NAPA	
NAPB	1	NAPB	
TAGLN	1	TAGLN	
CAB39	1	CAB39	
GNAI3	1	GNAI3	
CAPG	1	CAPG	
HSD17B7	1	HSD17B7	
HSD17B8	1	HSD17B8	
GNAI1	1	GNAI1	
NAPG	1	NAPG	
RELB	1	RELB	
PDZD11	1	PDZD11	
HSD17B1	1	HSD17B1	
FAM177A1	1	FAM177A1	
MGAT1	1	MGAT1	
MGAT2	1	MGAT2	
RELT	1	RELT	
XDH	1	XDH	
IL32	1	IL32	
GABBR2	1	GABBR2	
GABBR1	1	GABBR1	
IL31	1	IL31	
GCA	1	GCA	
IL37	1	IL37	
IL34	1	IL34	
OSM	1	OSM	
VEGFB	1	VEGFB	
TTC1	1	TTC1	
VEGFC	1	VEGFC	
GCG	1	GCG	
PCDHB10	1	PCDHB10	
GCK	1	GCK	
VEGFA	1	VEGFA	
NUDT9	1	NUDT9	
ITCH	1	ITCH	
KITLG	1	KITLG	
CFHR2	1	CFHR2	
CFHR1	1	CFHR1	
CFHR4	1	CFHR4	
CFHR3	1	CFHR3	
HNRNPA2B1	1	HNRNPA2B1	
TCEA2	1	TCEA2	
AGGF1	1	AGGF1	
CFHR5	1	CFHR5	
TCEA1	1	TCEA1	
RTN4IP1	1	RTN4IP1	
OTC	1	OTC	
PNPLA2	1	PNPLA2	
OTUD5	1	OTUD5	
SRP19	1	SRP19	
UBXN2B	1	UBXN2B	
GDA	1	GDA	
C1orf56	1	MENT	
RPP30	1	RPP30	
ZFAND5	1	ZFAND5	
LOXL3	1	LOXL3	
PEBP1	1	PEBP1	
UBE3A	1	UBE3A	
ZFAND1	1	ZFAND1	
SRP14	1	SRP14	
YARS1	1	YARS	
COX6A2	1	COX6A2	
LOXL2	1	LOXL2	
NR3C2	1	NR3C2	
EEF1B2	1	EEF1B2	
AKR7A2	1	AKR7A2	
AKR7A3	1	AKR7A3	
AMMECR1L	1	AMMECR1L	
IL6R	1	IL6R	
CAST	1	CAST	
IL4R	1	IL4R	
C1orf43	1	C1orf43	
CASK	1	CASK	
GEM	1	GEM	
PPIF	1	PPIF	
FETUB	1	FETUB	
PPIE	1	PPIE	
PPIH	1	PPIH	
PPIG	1	PPIG	
TSNARE1	1	TSNARE1	
CARS1	1	CARS	
PPIB	1	PPIB	
PPIA	1	PPIA	
EMID1	1	EMID1	
PPID	1	PPID	
PPIC	1	PPIC	
DDX6	1	DDX6	
PKDCC	1	PKDCC	
DIABLO	1	DIABLO	
ADGRG1	1	GPR56	
ADGRG5	1	ADGRG5	
RHPN2	1	RHPN2	
MAGEA10	1	MAGEA10	
MFAP3L	1	MFAP3L	
SYT5	1	SYT5	
UBE2F	1	UBE2F	
SYT4	1	SYT4	
SYT2	1	SYT2	
UBE2I	1	UBE2I	
VCAM1	1	VCAM1	
CAV3	1	CAV3	
MUC16	1	MUC16	
UBE2B	1	UBE2B	
CAV2	1	CAV2	
UBE2C	1	UBE2C	
RARRES2	1	RARRES2	
CRTAM	1	CRTAM	
RARRES1	1	RARRES1	
GGH	1	GGH	
UBE2A	1	UBE2A	
SYT9	1	SYT9	
SYT8	1	SYT8	
SYT7	1	SYT7	
TMEM230	1	TMEM230	
GH2	1	GH2	
GH1	1	GH1	
TMEM234	1	TMEM234	
NAT1	1	NAT1	
ALPP	1	ALPP	
CCPG1	1	CCPG1	
FAM151A	1	FAM151A	
TMEM237	1	TMEM237	
UBE2S	1	UBE2S	
UBE2T	1	UBE2T	
MANSC4	1	MANSC4	
GNAS	1	GNAS	
UBE2N	1	UBE2N	
ALPL	1	ALPL	
ALPI	1	ALPI	
MANSC1	1	MANSC1	
TCF4	1	TCF4	
IL7R	1	IL7R	
UBE2K	1	UBE2K	
GALK1	1	GALK1	
UBE2M	1	UBE2M	
DYRK3	1	DYRK3	
DPY30	1	DPY30	
OXT	1	OXT	
DMKN	1	DMKN	
RND3	1	RND3	
RERG	1	RERG	
RND1	1	RND1	
GHR	1	GHR	
ADGRE2	1	ADGRE2	
MAN1A2	1	MAN1A2	
SNTA1	1	SNTA1	
TGIF2	1	TGIF2	
PDPK1	1	PDPK1	
IRAK4	1	IRAK4	
GIP	1	GIP	
TAPBP	1	TAPBP	
GREM1	1	GREM1	
GREM2	1	GREM2	
ADGRF1	1	ADGRF1	
ADGRF5	1	ADGRF5	
CHI3L2	1	CHI3L2	
CHI3L1	1	CHI3L1	
MAN1B1	1	MAN1B1	
FBP1	1	FBP1	
FBP2	1	FBP2	
OTUB2	1	OTUB2	
RAP1GDS1	1	RAP1GDS1	
RNF8	1	RNF8	
ASAP2	1	ASAP2	
RETN	1	RETN	
CRYZ	1	CRYZ	
PABPN1	1	PABPN1	
SPOCK2	1	SPOCK2	
TRA2B	1	TRA2B	
MXI1	1	MXI1	
SPOCK3	1	SPOCK3	
MAN1C1	1	MAN1C1	
SPOCK1	1	SPOCK1	
DNAI1	1	DNAI1	
SSRP1	1	SSRP1	
EPOR	1	EPOR	
UFM1	1	UFM1	
SUGT1	1	SUGT1	
GLA	1	GLA	
SNTB1	1	SNTB1	
HNRNPR	1	HNRNPR	
FGFRL1	1	FGFRL1	
AP1S2	1	AP1S2	
PROK2	1	PROK2	
PROK1	1	PROK1	
COL23A1	1	COL23A1	
ADPRH	1	ADPRH	
LRPAP1	1	LRPAP1	
CTBP1	1	CTBP1	
NAIF1	1	NAIF1	
ADH7	1	ADH7	
RNPC3	1	RNPC3	
GNS	1	GNS	
ADH5	1	ADH5	
ANAPC10	1	ANAPC10	
ADH6	1	ADH6	
LDHC	1	LDHC	
ADH4	1	ADH4	
LDHB	1	LDHB	
LDHA	1	LDHA	
FLRT2	1	FLRT2	
FLRT3	1	FLRT3	
FLRT1	1	FLRT1	
HMOX1	1	HMOX1	
PCDHA4	1	PCDHA4	
HMOX2	1	HMOX2	
NHEJ1	1	NHEJ1	
PCDHA7	1	PCDHA7	
BARD1	1	BARD1	
AFAP1L1	1	AFAP1L1	
SNAPIN	1	SNAPIN	
ZNF382	1	ZNF382	
RMDN3	1	RMDN3	
NFATC1	1	NFATC1	
NR1D2	1	NR1D2	
NR1D1	1	NR1D1	
RMDN1	1	RMDN1	
GP6	1	GP6	
GP5	1	GP5	
PAFAH2	1	PAFAH2	
NFATC4	1	NFATC4	
GNPTG	1	GNPTG	
HNRNPM	1	HNRNPM	
EHD4	1	EHD4	
HNRNPK	1	HNRNPK	
PCDHB2	1	PCDHB2	
TCN2	1	TCN2	
ADI1	1	ADI1	
PCDHB1	1	PCDHB1	
TCN1	1	TCN1	
HNRNPF	1	HNRNPF	
TOLLIP	1	TOLLIP	
HNRNPD	1	HNRNPD	
PPT1	1	PPT1	
SNAI2	1	SNAI2	
HNRNPC	1	HNRNPC	
PAM	1	PAM	
ITPA	1	ITPA	
PCDHB7	1	PCDHB7	
PHF3	1	PHF3	
SERPINA11	1	SERPINA11	
GPI	1	GPI	
SERPINA12	1	SERPINA12	
GMEB2	1	GMEB2	
NRSN1	1	NRSN1	
ARPC1B	1	ARPC1B	
SERPINA10	1	SERPINA10	
GPT	1	GPT	
C1QTNF9	1	C1QTNF9	
PYGL	1	PYGL	
PHEX	1	PHEX	
VSIG10	1	VSIG10	
FARS2	1	FARS2	
C1QTNF3	1	C1QTNF3	
C1QTNF1	1	C1QTNF1	
AIFM1	1	AIFM1	
GNLY	1	GNLY	
TCTN2	1	TCTN2	
C1QTNF5	1	C1QTNF5	
PEA15	1	PEA15	
PBK	1	PBK	
TIMP2	1	TIMP2	
COL10A1	1	COL10A1	
TIMP3	1	TIMP3	
TIMP1	1	TIMP1	
JARID2	1	JARID2	
TIMP4	1	TIMP4	
TEAD3	1	TEAD3	
TEAD4	1	TEAD4	
NUTF2	1	NUTF2	
TERF1	1	TERF1	
FAM210A	1	FAM210A	
KAT2B	1	KAT2B	
KAT2A	1	KAT2A	
COL2A1	1	COL2A1	
TCP1	1	TCP1	
GRAMD1C	1	GRAMD1C	
GRN	1	GRN	
GRP	1	GRP	
GPNMB	1	GPNMB	
SIAE	1	SIAE	
LDLR	1	LDLR	
GSN	1	GSN	
GSS	1	GSS	
NR1H2	1	NR1H2	
ECEL1	1	ECEL1	
GSR	1	GSR	
NR1H4	1	NR1H4	
SYNJ2BP	1	SYNJ2BP	
DEF6	1	DEF6	
GNMT	1	GNMT	
SMOC2	1	SMOC2	
DHRS9	1	DHRS9	
ADM2	1	ADM2	
SMOC1	1	SMOC1	
C18orf32	1	C18orf32	
NUCB1	1	NUCB1	
KLKB1	1	KLKB1	
ZNF334	1	ZNF334	
PF4	1	PF4	
RAB3B	1	RAB3B	
RAB3C	1	RAB3C	
CSF3	1	CSF3	
CSF2	1	CSF2	
RAB3A	1	RAB3A	
TXNL4B	1	TXNL4B	
CSF1	1	CSF1	
PLXND1	1	PLXND1	
PROS1	1	PROS1	
RAB3D	1	RAB3D	
IL5RA	1	IL5RA	
IGHG4	1	IGHG4	
IGHG2	1	IGHG2	
LAMP1	1	LAMP1	
PAPOLG	1	PAPOLG	
ZNF329	1	ZNF329	
PLXNC1	1	PLXNC1	
PCDHAC2	1	PCDHAC2	
HMGN1	1	HMGN1	
PCDHAC1	1	PCDHAC1	
RAB2A	1	RAB2A	
RAB2B	1	RAB2B	
SERF1A	1	SERF1A	
MAGI2	1	MAGI2	
VRK1	1	VRK1	
SSMEM1	1	SSMEM1	
PGD	1	PGD	
ILF2	1	ILF2	
NRBP1	1	NRBP1	
PGF	1	PGF	
RAB32	1	RAB32	
ILF3	1	ILF3	
RAB31	1	RAB31	
RAB35	1	RAB35	
PGP	1	PGP	
SNRPG	1	SNRPG	
AAGAB	1	AAGAB	
PGR	1	PGR	
SNRPF	1	SNRPF	
STAMBP	1	STAMBP	
TSSK2	1	TSSK2	
CSNK1G2	1	CSNK1G2	
SNRPA	1	SNRPA	
BRSK2	1	BRSK2	
RAB5B	1	RAB5B	
RAB5C	1	RAB5C	
CBFB	1	CBFB	
CCDC25	1	CCDC25	
CLCA2	1	CLCA2	
DVL2	1	DVL2	
CLCA1	1	CLCA1	
PLXNA1	1	PLXNA1	
PI3	1	PI3	
MPDZ	1	MPDZ	
RAB6B	1	RAB6B	
PLXNA4	1	PLXNA4	
TMEM132D	1	TMEM132D	
TMEM132C	1	TMEM132C	
TRAPPC3	1	TRAPPC3	
RAB4A	1	RAB4A	
AMBP	1	AMBP	
TMEM132B	1	TMEM132B	
TRAPPC4	1	TRAPPC4	
TMEM132A	1	TMEM132A	
TRAPPC5	1	TRAPPC5	
SCP2D1	1	SCP2D1	
GFAP	1	GFAP	
LRFN2	1	LRFN2	
LRFN5	1	LRFN5	
P4HA1	1	P4HA1	
P4HA2	1	P4HA2	
LRFN1	1	LRFN1	
PIP	1	PIP	
PIR	1	PIR	
PLXNB3	1	PLXNB3	
PLXNB2	1	PLXNB2	
SLC26A7	1	SLC26A7	
CSPG4	1	CSPG4	
RAB5A	1	RAB5A	
SLC26A5	1	SLC26A5	
DIDO1	1	DIDO1	
ADPGK	1	ADPGK	
PIK3C2A	1	PIK3C2A	
FCAR	1	FCAR	
FTCD	1	FTCD	
ADAMTS4	1	ADAMTS4	
ADAMTS5	1	ADAMTS5	
PSTPIP1	1	PSTPIP1	
ADAMTS3	1	ADAMTS3	
AP1G2	1	AP1G2	
ADAMTS1	1	ADAMTS1	
RNPEP	1	RNPEP	
EMILIN3	1	EMILIN3	
WDR5	1	WDR5	
HMGCS2	1	HMGCS2	
EIF2B1	1	EIF2B1	
ADAMTS6	1	ADAMTS6	
CCDC50	1	CCDC50	
HGFAC	1	HGFAC	
CCDC51	1	CCDC51	
ADSL	1	ADSL	
HMGCS1	1	HMGCS1	
UGT1A1	1	UGT1A1	
CEMIP2	1	TMEM2	
FAAH2	1	FAAH2	
BPGM	1	BPGM	
PKM	1	PKM2	
POLR1C	1	POLR1C	
PECAM1	1	PECAM1	
MTFR1	1	MTFR1	
RAB1A	1	RAB1A	
TSSC4	1	TSSC4	
RAB1B	1	RAB1B	
PLG	1	PLG	
CYP3A4	1	CYP3A4	
BPHL	1	BPHL	
THSD1	1	THSD1	
RAB21	1	RAB21	
RAB26	1	RAB26	
CEACAM20	1	CEACAM20	
CEACAM21	1	CEACAM21	
RFFL	1	RFFL	
POLR2J	1	POLR2J	
UGT1A8	1	UGT1A8	
POLR2K	1	POLR2K	
UGT1A6	1	UGT1A6	
ANGPT4	1	ANGPT4	
PPIL1	1	PPIL1	
ANGPT2	1	ANGPT2	
PPIL2	1	PPIL2	
RNGTT	1	RNGTT	
ANGPT1	1	ANGPT1	
ASCC1	1	ASCC1	
IDH3G	1	IDH3G	
TPRKB	1	TPRKB	
GFER	1	GFER	
CEACAM19	1	CEACAM19	
P2RX6	1	P2RX6	
TAFA4	1	FAM19A4	
RAB14	1	RAB14	
VAPA	1	VAPA	
PSAT1	1	PSAT1	
VAPB	1	VAPB	
RAB13	1	RAB13	
PI15	1	PI15	
POLR3F	1	POLR3F	
RAB18	1	RAB18	
NPIPB3	1	NPIPB3	
TLL1	1	TLL1	
RAB17	1	RAB17	
TNRC6B	1	TNRC6B	
PANK3	1	PANK3	
CISD1	1	CISD1	
CISD2	1	CISD2	
CSN2	1	CSN2	
MAGEA8	1	MAGEA8	
PNP	1	PNP	
PPP2R1A	1	PPP2R1A	
FTH1	1	FTH1	
LONP1	1	LONP1	
DENR	1	DENR	
SEPHS1	1	SEPHS1	
MAGEA6	1	MAGEA6	
ICOSLG	1	ICOSLG	
MAGEA3	1	MAGEA3	
MAGEA4	1	MAGEA4	
IL15RA	1	IL15RA	
METTL1	1	METTL1	
KRT1	1	KRT1	
TINF2	1	TINF2	
FLT3LG	1	FLT3LG	
KRT7	1	KRT7	
KRT5	1	KRT5	
AZGP1	1	AZGP1	
POR	1	POR	
TLN2	1	TLN2	
NBL1	1	NBL1	
DCUN1D5	1	DCUN1D5	
DCUN1D3	1	DCUN1D3	
FUT10	1	FUT10	
DCUN1D1	1	DCUN1D1	
DCUN1D2	1	DCUN1D2	
MYL12A	1	MYL12A	
MYL12B	1	MYL12B	
PPY	1	PPY	
VASP	1	VASP	
VAT1	1	VAT1	
PYCR1	1	PYCR1	
PYCR2	1	PYCR2	
VASN	1	VASN	
RAET1G	1	RAET1G	
RAET1L	1	RAET1L	
CD320	1	CD320	
IFNA5	1	IFNA5	
ROBO2	1	ROBO2	
COL18A1	1	COL18A1	
IFNA4	1	IFNA4	
ROBO3	1	ROBO3	
IFNA7	1	IFNA7	
ROBO4	1	ROBO4	
IFNA6	1	IFNA6	
IFNA1	1	IFNA1	
IFNA2	1	IFNA2	
HEPACAM2	1	HEPACAM2	
HBB	1	HBB	
SRA1	1	SRA1	
HBD	1	HBD	
PRL	1	PRL	
IFNA8	1	IFNA8	
ROBO1	1	ROBO1	
SLC22A16	1	SLC22A16	
DNER	1	DNER	
SOSTDC1	1	SOSTDC1	
HRAS	1	HRAS	
PSD	1	PSD	
VAV3	1	VAV3	
CBR1	1	CBR1	
HBZ	1	HBZ	
BHMT2	1	BHMT2	
GFRA1	1	GFRA1	
GFRA3	1	GFRA3	
GFRA2	1	GFRA2	
VAV1	1	VAV1	
TLR1	1	TLR1	
HCK	1	HCK	
UGDH	1	UGDH	
ALDH5A1	1	ALDH5A1	
CDCP1	1	CDCP1	
HNRNPH1	1	HNRNPH1	
CNEP1R1	1	CNEP1R1	
GFRAL	1	GFRAL	
RAB7B	1	RAB7B	
TLR5	1	TLR5	
TLR4	1	TLR4	
TLR3	1	TLR3	
TLR2	1	TLR2	
ADH1C	1	ADH1C	
ADH1B	1	ADH1B	
PTH	1	PTH	
ADH1A	1	ADH1A	
HAAO	1	HAAO	
SAA4	1	SAA4	
CST8	1	CST8	
PTN	1	PTN	
RFNG	1	RFNG	
CST7	1	CST7	
CST6	1	CST6	
CST5	1	CST5	
CT55	1	CT55	
PTS	1	PTS	
CST4	1	CST4	
CST3	1	CST3	
NT5C	1	NT5C	
CST2	1	CST2	
LIMA1	1	LIMA1	
CST1	1	CST1	
NT5E	1	NT5E	
FTMT	1	FTMT	
UBTD2	1	UBTD2	
APBB2	1	APBB2	
NT5M	1	NT5M	
APBB1	1	APBB1	
APBB3	1	APBB3	
CBR3	1	CBR3	
UBL4A	1	UBL4A	
ATP5PF	1	ATP5J	
IFNB1	1	IFNB1	
PTGES2	1	PTGES2	
PTGES3	1	PTGES3	
LSAMP	1	LSAMP	
SORBS3	1	SORBS3	
MPP7	1	MPP7	
RAB11A	1	RAB11A	
CAPZA1	1	CAPZA1	
NBR1	1	NBR1	
SAA1	1	SAA1	
SAA2	1	SAA2	
C1QC	1	C1QC	
FCN1	1	FCN1	
FCN2	1	FCN2	
FCN3	1	FCN3	
TPSB2	1	TPSB2	
PVR	1	PVR	
FAM162B	1	FAM162B	
FAM162A	1	FAM162A	
SIT1	1	SIT1	
C1RL	1	C1RL	
COTL1	1	COTL1	
NRCAM	1	NRCAM	
HADH	1	HADH	
TMEM38B	1	TMEM38B	
HGD	1	HGD	
HGF	1	HGF	
ANXA13	1	ANXA13	
WNT5A	1	WNT5A	
ANXA11	1	ANXA11	
ANXA10	1	ANXA10	
SHISA2	1	SHISA2	
PRPF6	1	PRPF6	
HGS	1	HGS	
PNLIP	1	PNLIP	
IDI1	1	IDI1	
CABP7	1	CABP7	
IDI2	1	IDI2	
FBLN1	1	FBLN1	
EFNA5	1	EFNA5	
EFNA4	1	EFNA4	
FBLN5	1	FBLN5	
EFNB2	1	EFNB2	
EFNB1	1	EFNB1	
SCUBE3	1	SCUBE3	
EFNB3	1	EFNB3	
SCUBE1	1	SCUBE1	
NLRP4	1	NLRP4	
RPRD1B	1	RPRD1B	
NLRP1	1	NLRP1	
RPRD1A	1	RPRD1A	
BPTF	1	BPTF	
MPST	1	MPST	
CBX7	1	CBX7	
CBX5	1	CBX5	
POU2F1	1	POU2F1	
CBX3	1	CBX3	
WNT3A	1	WNT3A	
IDH1	1	IDH1	
CBX1	1	CBX1	
EIF2S1	1	EIF2S1	
LRP1B	1	LRP1B	
PYY	1	PYY	
SEPSECS	1	SEPSECS	
EFNA3	1	EFNA3	
EFNA2	1	EFNA2	
FAM163B	1	FAM163B	
CHMP2B	1	CHMP2B	
CASS4	1	CASS4	
CHMP2A	1	CHMP2A	
DYNLRB2	1	DYNLRB2	
DYNLRB1	1	DYNLRB1	
BMPR1B	1	BMPR1B	
LRP10	1	LRP10	
LRP12	1	LRP12	
LRP11	1	LRP11	
MEGF10	1	MEGF10	
PZP	1	PZP	
YBX2	1	YBX2	
YBX1	1	YBX1	
HAPLN4	1	HAPLN4	
HAPLN1	1	HAPLN1	
HK2	1	HK2	
HK1	1	HK1	
HK3	1	HK3	
SPRED1	1	SPRED1	
CASP8	1	CASP8	
OBP2A	1	OBP2A	
HJV	1	HFE2	
OBP2B	1	OBP2B	
CASP3	1	CASP3	
MCF2L	1	MCF2L	
VWC2L	1	VWC2L	
CASP2	1	CASP2	
SRGN	1	SRGN	
TMPRSS11A	1	TMPRSS11A	
TMPRSS11B	1	TMPRSS11B	
PPP2R5A	1	PPP2R5A	
AXIN2	1	AXIN2	
POMGNT2	1	POMGNT2	
POMGNT1	1	POMGNT1	
DNM2	1	DNM2	
TMPRSS11D	1	TMPRSS11D	
IGDCC4	1	IGDCC4	
RASA1	1	RASA1	
IGDCC3	1	IGDCC3	
CASQ2	1	CASQ2	
PFDN1	1	PFDN1	
PFDN2	1	PFDN2	
CASQ1	1	CASQ1	
HAGH	1	HAGH	
PFDN5	1	PFDN5	
PAPPA2	1	PAPPA2	
COLEC12	1	COLEC12	
COLEC11	1	COLEC11	
COLEC10	1	COLEC10	
STOML2	1	STOML2	
STOML1	1	STOML1	
ATF6B	1	ATF6B	
BRAT1	1	BRAT1	
THBS2	1	THBS2	
THBS1	1	THBS1	
THBS4	1	THBS4	
THBS3	1	THBS3	
MAPK9	1	MAPK9	
IFNL2	1	IFNL2	
MAPK8	1	MAPK8	
IFNL1	1	IFNL1	
UGP2	1	UGP2	
WNT11	1	WNT11	
MAPK1	1	MAPK1	
IFNL3	1	IFNL3	
MAPK3	1	MAPK3	
QPCTL	1	QPCTL	
PPP2R3A	1	PPP2R3A	
KISS1	1	KISS1	
CDK2AP2	1	CDK2AP2	
CDK2AP1	1	CDK2AP1	
EHMT2	1	EHMT2	
EQTN	1	EQTN	
UXS1	1	UXS1	
FZD10	1	FZD10	
PSMD9	1	PSMD9	
AS3MT	1	AS3MT	
PSMD7	1	PSMD7	
PSMD4	1	PSMD4	
TDO2	1	TDO2	
PSMD5	1	PSMD5	
TMEM8B	1	TMEM8B	
MEF2C	1	MEF2C	
RBFOX2	1	RBFOX2	
TOMM20L	1	TOMM20L	
SETMAR	1	SETMAR	
PDZK1	1	PDZK1	
HDHD2	1	HDHD2	
HDHD3	1	HDHD3	
RUFY1	1	RUFY1	
MYL5	1	MYL5	
EID3	1	EID3	
MYL7	1	MYL7	
DDX39B	1	DDX39B	
NUP210L	1	NUP210L	
ETHE1	1	ETHE1	
PSME3	1	PSME3	
MYL3	1	MYL3	
PSME1	1	PSME1	
PSME2	1	PSME2	
SPARCL1	1	SPARCL1	
LETMD1	1	LETMD1	
HPD	1	HPD	
IDO1	1	IDO1	
ZNF276	1	ZNF276	
ZNF275	1	ZNF275	
CELA3B	1	CELA3B	
HHLA2	1	HHLA2	
FLII	1	FLII	
AGAP2	1	AGAP2	
CLCNKB	1	CLCNKB	
IL20RA	1	IL20RA	
MYNN	1	MYNN	
COPS7B	1	COPS7B	
IL20RB	1	IL20RB	
MRPL14	1	MRPL14	
AGAP3	1	AGAP3	
TAPBPL	1	TAPBPL	
GABARAP	1	GABARAP	
KIAA0040	1	KIAA0040	
IL22RA2	1	IL22RA2	
CYB5R2	1	CYB5R2	
CYB5R1	1	CYB5R1	
HPX	1	HPX	
CYB5R3	1	CYB5R3	
GRPEL1	1	GRPEL1	
MYO6	1	MYO6	
KCNMB3	1	KCNMB3	
HAO1	1	HAO1	
ZNF264	1	ZNF264	
CADM3	1	CADM3	
CADM1	1	CADM1	
CADM2	1	CADM2	
MRPL21	1	MRPL21	
SNUPN	1	SNUPN	
IL22RA1	1	IL22RA1	
EIF5	1	EIF5	
TDP1	1	TDP1	
HRC	1	HRC	
PSMG3	1	PSMG3	
HRG	1	HRG	
HAMP	1	HAMP	
FERMT3	1	FERMT3	
HRK	1	HRK	
PIGR	1	PIGR	
GPR26	1	GPR26	
WFIKKN1	1	WFIKKN1	
NCAN	1	NCAN	
WFIKKN2	1	WFIKKN2	
LRRC3	1	LRRC3	
TMEM52	1	TMEM52	
CTCF	1	CTCF	
PTH1R	1	PTH1R	
LRRC32	1	LRRC32	
MRPL34	1	MRPL34	
JPH1	1	JPH1	
MRPL32	1	MRPL32	
MRPL33	1	MRPL33	
JPH4	1	JPH4	
JPH3	1	JPH3	
B3GALT2	1	B3GALT2	
B3GALT1	1	B3GALT1	
CTLA4	1	CTLA4	
SH3BGRL2	1	SH3BGRL2	
SH3BGRL3	1	SH3BGRL3	
MYOC	1	MYOC	
PGAM1	1	PGAM1	
PGAM2	1	PGAM2	
PTGR1	1	PTGR1	
PTGR2	1	PTGR2	
MRPL52	1	MRPL52	
PSMA5	1	PSMA5	
VAMP8	1	VAMP8	
PSMA6	1	PSMA6	
PSMA3	1	PSMA3	
PSMA4	1	PSMA4	
VAMP7	1	VAMP7	
PSMA1	1	PSMA1	
PSMA2	1	PSMA2	
TMEM106B	1	TMEM106B	
VAMP1	1	VAMP1	
LRRC3B	1	LRRC3B	
VAMP4	1	VAMP4	
LYPLAL1	1	LYPLAL1	
TMEM106A	1	TMEM106A	
VAMP2	1	VAMP2	
VAMP3	1	VAMP3	
LRRC15	1	LRRC15	
CTF1	1	CTF1	
SERPINB13	1	SERPINB13	
MYRF	1	MYRF	
IDUA	1	IDUA	
COL11A2	1	COL11A2	
PELI2	1	PELI2	
OVCA2	1	OVCA2	
PTGS2	1	PTGS2	
PET117	1	PET117	
PSMA7	1	PSMA7	
TMEM70	1	TMEM70	
MRPL55	1	MRPL55	
NTF4	1	NTF4	
PSMB6	1	PSMB6	
GGA1	1	GGA1	
EXTL2	1	EXTL2	
PSMB4	1	PSMB4	
GGA3	1	GGA3	
PSMB5	1	PSMB5	
PSMB2	1	PSMB2	
BGLAP	1	BGLAP	
PSMB3	1	PSMB3	
NTF3	1	NTF3	
PSMB1	1	PSMB1	
MICALL2	1	MICALL2	
FLNA	1	FLNA	
LEFTY2	1	LEFTY2	
LRRC25	1	LRRC25	
LRRC24	1	LRRC24	
FABP9	1	FABP9	
PLXDC2	1	PLXDC2	
PLXDC1	1	PLXDC1	
PSMB9	1	PSMB9	
FABP1	1	FABP1	
FABP3	1	FABP3	
SPSB1	1	SPSB1	
FABP4	1	FABP4	
FABP5	1	FABP5	
FABP6	1	FABP6	
NCF1	1	NCF1	
GPR68	1	GPR68	
NCF2	1	NCF2	
NCF4	1	NCF4	
RORC	1	RORC	
SAT2	1	SAT2	
SAYSD1	1	SAYSD1	
RORB	1	RORB	
SAT1	1	SAT1	
YY1	1	YY1	
RUVBL1	1	RUVBL1	
SCMH1	1	SCMH1	
LEPR	1	LEPR	
PIM1	1	PIM1	
ROS1	1	ROS1	
TCP11	1	TCP11	
SH3GLB1	1	SH3GLB1	
SH3GLB2	1	SH3GLB2	
ANAPC7	1	ANAPC7	
S100A2	1	S100A2	
ZBTB33	1	ZBTB33	
OLFM4	1	OLFM4	
SAP30	1	SAP30	
OLFM1	1	OLFM1	
OLFM2	1	OLFM2	
OLFM3	1	OLFM3	
TXLNA	1	TXLNA	
MAPKAPK3	1	MAPKAPK3	
HAT1	1	HAT1	
MAPKAPK2	1	MAPKAPK2	
S100A6	1	S100A6	
S100A5	1	S100A5	
MAPKAPK5	1	MAPKAPK5	
ROR1	1	ROR1	
S100A4	1	S100A4	
IGFALS	1	IGFALS	
ROR2	1	ROR2	
S100A3	1	S100A3	
S100A9	1	S100A9	
SQSTM1	1	SQSTM1	
S100A7	1	S100A7	
TRABD2A	1	TRABD2A	
LRRC59	1	LRRC59	
TACSTD2	1	TACSTD2	
LRRC52	1	LRRC52	
TMEM25	1	TMEM25	
ATXN3	1	ATXN3	
LRRC4C	1	LRRC4C	
LRRC4B	1	LRRC4B	
GOT1	1	GOT1	
TFPI2	1	TFPI2	
B3GALT6	1	B3GALT6	
NFKB1	1	NFKB1	
QKI	1	QKI	
PTPRD	1	PTPRD	
LRIT2	1	LRIT2	
UBLCP1	1	UBLCP1	
LRIT3	1	LRIT3	
PIN1	1	PIN1	
PIN4	1	PIN4	
NFE2L1	1	NFE2L1	
FLT1	1	FLT1	
HSP90AB1	1	HSP90AB1	
FLT3	1	FLT3	
FLT4	1	FLT4	
LRRK2	1	LRRK2	
LECT2	1	LECT2	
TSSK1B	1	TSSK1B	
EFCAB14	1	EFCAB14	
ARRB1	1	ARRB1	
FASLG	1	FASLG	
FCGR3A	1	FCGR3A	
FCGR3B	1	FCGR3B	
NCK2	1	NCK2	
HMG20B	1	HMG20B	
PMEPA1	1	PMEPA1	
HMG20A	1	HMG20A	
PDILT	1	PDILT	
UPP1	1	UPP1	
EDIL3	1	EDIL3	
NCK1	1	NCK1	
HSP90AA1	1	HSP90AA1	
TMCO5A	1	TMCO5A	
VBP1	1	VBP1	
DDOST	1	DDOST	
NT5C3A	1	NT5C3A	
PPM1A	1	PPM1A	
BIRC5	1	BIRC5	
BIRC7	1	BIRC7	
MTRF1L	1	MTRF1L	
SEC22A	1	SEC22A	
BIRC2	1	BIRC2	
BIRC3	1	BIRC3	
ITIH5	1	ITIH5	
ITIH4	1	ITIH4	
ITIH3	1	ITIH3	
NDUFB8	1	NDUFB8	
ITIH2	1	ITIH2	
PCOLCE2	1	PCOLCE2	
PPM1L	1	PPM1L	
NDUFB4	1	NDUFB4	
NTN4	1	NTN4	
USH1C	1	USH1C	
PRCP	1	PRCP	
ITIH1	1	ITIH1	
PPM1D	1	PPM1D	
NTN1	1	NTN1	
CCL8	1	CCL8	
CCL7	1	CCL7	
IFI16	1	IFI16	
CCL5	1	CCL5	
SH3BP2	1	SH3BP2	
CCL3	1	CCL3	
CCL2	1	CCL2	
SAP18	1	SAP18	
CCL1	1	CCL1	
FCGR1A	1	FCGR1A	
CYB5A	1	CYB5A	
PTPN1	1	PTPN1	
ERAP2	1	ERAP2	
NDUFA5	1	NDUFA5	
ERAP1	1	ERAP1	
LYSMD4	1	LYSMD4	
LYSMD3	1	LYSMD3	
TPD52L1	1	TPD52L1	
ATOX1	1	ATOX1	
FCGR2A	1	FCGR2A	
NOVA1	1	NOVA1	
PRC1	1	PRC1	
PTPN9	1	PTPN9	
CCM2	1	CCM2	
PTPN6	1	PTPN6	
PTPN7	1	PTPN7	
FCGR2B	1	FCGR2B	
PTPN4	1	PTPN4	
SMAP1	1	SMAP1	
PTPN2	1	PTPN2	
AHCYL1	1	AHCYL1	
CCNH	1	CCNH	
PREP	1	PREP	
KEAP1	1	KEAP1	
SPATA20	1	SPATA20	
CYB5D2	1	CYB5D2	
BPIFA1	1	BPIFA1	
BPIFA2	1	BPIFA2	
IL12B	1	IL12B	
CCN3	1	NOV	
CCN1	1	CYR61	
CALN1	1	CALN1	
TMPO	1	TMPO	
ST6GAL1	1	ST6GAL1	
ANK2	1	ANK2	
HNF1A	1	HNF1A	
EREG	1	EREG	
STX1B	1	STX1B	
PPP1R3B	1	PPP1R3B	
WFDC10A	1	WFDC10A	
WFDC10B	1	WFDC10B	
ZG16	1	ZG16	
STX1A	1	STX1A	
PLA1A	1	PLA1A	
DEFB103B	1	DEFB103A	
L3MBTL2	1	L3MBTL2	
PCDH10	1	PCDH10	
CD1D	1	CD1D	
CD1A	1	CD1A	
SLAMF8	1	SLAMF8	
ST8SIA4	1	ST8SIA4	
SLAMF7	1	SLAMF7	
SLAMF6	1	SLAMF6	
ST8SIA6	1	ST8SIA6	
CD14	1	CD14	
A2M	1	A2M	
SLAMF1	1	SLAMF1	
CTSA	1	CTSA	
SURF1	1	SURF1	
XRCC6	1	XRCC6	
DEFB104A	1	DEFB104A	
XRCC4	1	XRCC4	
ST8SIA2	1	ST8SIA2	
ST8SIA3	1	ST8SIA3	
DCLK3	1	DCLK3	
PRG2	1	PRG2	
XRCC1	1	XRCC1	
PRG3	1	PRG3	
PAICS	1	PAICS	
DCLK1	1	DCLK1	
ATP4B	1	ATP4B	
BPIFB1	1	BPIFB1	
ARMC10	1	ARMC10	
CTRL	1	CTRL	
PPP1R1A	1	PPP1R1A	
ID2	1	ID2	
ID1	1	ID1	
WNK3	1	WNK3	
CD27	1	CD27	
PAEP	1	PAEP	
LRRN1	1	LRRN1	
CTRC	1	CTRC	
SCN2B	1	SCN2B	
DIRAS3	1	DIRAS3	
PTPRU	1	PTPRU	
PTPRR	1	PTPRR	
PTPRS	1	PTPRS	
DIRAS1	1	DIRAS1	
CTSZ	1	CTSZ	
AKR1B1	1	AKR1B1	
SECTM1	1	SECTM1	
CD3G	1	CD3G	
PTPRJ	1	PTPRJ	
CTSV	1	CTSV	
HSCB	1	HSCB	
IDE	1	IDE	
CD3E	1	CD3E	
PTPRH	1	PTPRH	
AP2A2	1	AP2A2	
CTSS	1	CTSS	
EDA2R	1	EDA2R	
C5orf46	1	C5orf46	
CTSO	1	CTSO	
SPTLC1	1	SPTLC1	
SPTLC2	1	SPTLC2	
CTSK	1	CTSK	
HNF4A	1	HNF4A	
CD38	1	CD38	
CTSH	1	CTSH	
IDS	1	IDS	
KIF1C	1	KIF1C	
CD37	1	CD37	
CTSG	1	CTSG	
CD36	1	CD36	
CTSF	1	CTSF	
QSOX2	1	QSOX2	
CTSE	1	CTSE	
CTSD	1	CTSD	
CD33	1	CD33	
CTSC	1	CTSC	
CTSB	1	CTSB	
SEC13	1	SEC13	
AKR1A1	1	AKR1A1	
KIF23	1	KIF23	
SORCS1	1	SORCS1	
KIF22	1	KIF22	
MMEL1	1	MMEL1	
RGMB	1	RGMB	
SORCS3	1	SORCS3	
DEFB106A	1	DEFB106A	
SORCS2	1	SORCS2	
PDRG1	1	PDRG1	
RGMA	1	RGMA	
NCR1	1	NCR1	
NCR2	1	NCR2	
NCR3	1	NCR3	
NR5A2	1	NR5A2	
CD48	1	CD48	
CD47	1	CD47	
CD46	1	CD46	
CD44	1	CD44	
PRKN	1	PARK2	
CD63	1	CD63	
STX12	1	STX12	
RAMP3	1	RAMP3	
TMPRSS5	1	TMPRSS5	
TMPRSS6	1	TMPRSS6	
AKR1D1	1	AKR1D1	
CD5L	1	CD5L	
STX18	1	STX18	
DERL1	1	DERL1	
DEFB107A	1	DEFB107A	
C5orf63	1	C5orf63	
CAMKK1	1	CAMKK1	
STX10	1	STX10	
STAMBPL1	1	STAMBPL1	
CREG1	1	CREG1	
GPC1	1	GPC1	
EXOSC8	1	EXOSC8	
HSF1	1	HSF1	
GPC3	1	GPC3	
GPC2	1	GPC2	
PAK6	1	PAK6	
CD59	1	CD59	
GPC5	1	GPC5	
CCT8	1	CCT8	
CD58	1	CD58	
GPC4	1	GPC4	
PRLH	1	PRLH	
CCT7	1	CCT7	
EXOSC3	1	EXOSC3	
PAK3	1	PAK3	
GPC6	1	GPC6	
AASDHPPT	1	AASDHPPT	
CCT5	1	CCT5	
CD55	1	CD55	
EXOSC1	1	EXOSC1	
MICA	1	MICA	
MICB	1	MICB	
PAK4	1	PAK4	
CD74	1	CD74	
CD72	1	CD72	
PLEKHA1	1	PLEKHA1	
CD70	1	CD70	
AKR1C1	1	AKR1C1	
CRYBB1	1	CRYBB1	
AKR1C3	1	AKR1C3	
DKKL1	1	DKKL1	
CRYBB2	1	CRYBB2	
RPA2	1	RPA2	
AKR1C4	1	AKR1C4	
PLEKHA4	1	PLEKHA4	
DEFB108B	1	DEFB108B	
PLEKHA7	1	PLEKHA7	
TMUB2	1	TMUB2	
NLRP10	1	NLRP10	
STK17B	1	STK17B	
IL17F	1	IL17F	
CD69	1	CD69	
CD68	1	CD68	
IL17D	1	IL17D	
IL17C	1	IL17C	
RAMP1	1	RAMP1	
IL17B	1	IL17B	
IL17A	1	IL17A	
CD86	1	CD86	
SCARB2	1	SCARB2	
CD83	1	CD83	
CD81	1	CD81	
CD80	1	CD80	
WWC1	1	WWC1	
GXYLT1	1	GXYLT1	
IHH	1	IHH	
GIMAP6	1	GIMAP6	
CLGN	1	CLGN	
RGS4	1	RGS4	
RGS5	1	RGS5	
RGS3	1	RGS3	
FRRS1L	1	FRRS1L	
PPME1	1	PPME1	
RGS1	1	RGS1	
PALM	1	PALM	
PPFIA1	1	PPFIA1	
OSTF1	1	OSTF1	
RGS8	1	RGS8	
PRND	1	PRND	
RGS7	1	RGS7	
KIRREL3	1	KIRREL3	
CD96	1	CD96	
G6PD	1	G6PD	
SCARA3	1	SCARA3	
KIRREL2	1	KIRREL2	
CD93	1	CD93	
SCARA5	1	SCARA5	
SLC30A3	1	SLC30A3	
DIMT1	1	DIMT1	
SLC30A5	1	SLC30A5	
SSU72	1	SSU72	
PRLR	1	PRLR	
MID2	1	MID2	
OSCAR	1	OSCAR	
ERN1	1	ERN1	
DOK1	1	DOK1	
DOK2	1	DOK2	
TMX3	1	TMX3	
CD8B	1	CD8B	
TMX2	1	TMX2	
CD8A	1	CD8A	
GPD1	1	GPD1	
PLA2G10	1	PLA2G10	
SBDS	1	SBDS	
MASP1	1	MASP1	
MZF1	1	MZF1	
PSMD10	1	PSMD10	
CALCB	1	CALCB	
PSMD11	1	PSMD11	
TMED10	1	TMED10	
NXPH2	1	NXPH2	
NXPH3	1	NXPH3	
YTHDC1	1	YTHDC1	
CCL3L3	1	CCL3L1	
TOR1AIP2	1	TOR1AIP2	
FUT2	1	FUT2	
TOR1AIP1	1	TOR1AIP1	
FUT3	1	FUT3	
FUT5	1	FUT5	
FUT8	1	FUT8	
DEAF1	1	DEAF1	
FUT9	1	FUT9	
KIF3A	1	KIF3A	
ISOC1	1	ISOC1	
PACSIN3	1	PACSIN3	
NXPH1	1	NXPH1	
NDUFV2	1	NDUFV2	
PACSIN1	1	PACSIN1	
PRNP	1	PRNP	
VTA1	1	VTA1	
INHBB	1	INHBB	
ISG15	1	ISG15	
INHBA	1	INHBA	
CYRIB	1	FAM49B	
INHBC	1	INHBC	
IL2	1	IL2	
CLK2	1	CLK2	
IL4	1	IL4	
QDPR	1	QDPR	
IL3	1	IL3	
IL6	1	IL6	
IL5	1	IL5	
PROC	1	PROC	
IL7	1	IL7	
IL9	1	IL9	
RSRP1	1	RSRP1	
GSK3A	1	GSK3A	
DDX46	1	DDX46	
PRKCSH	1	PRKCSH	
ILK	1	ILK	
SIRPB2	1	SIRPB2	
TRIAP1	1	TRIAP1	
SIRPB1	1	SIRPB1	
CALB2	1	CALB2	
CALB1	1	CALB1	
CPXM1	1	CPXM1	
A4GALT	1	A4GALT	
SCARF2	1	SCARF2	
SCARF1	1	SCARF1	
CELA2A	1	CELA2A	
VCAN	1	VCAN	
NDUFS4	1	NDUFS4	
ATG4B	1	ATG4B	
INA	1	INA	
SCN4B	1	SCN4B	
ZP4	1	ZP4	
DCTN6	1	DCTN6	
BCL2A1	1	BCL2A1	
DCTN2	1	DCTN2	
DDX25	1	DDX25	
PLA2G1B	1	PLA2G1B	
DDX23	1	DDX23	
CRMP1	1	CRMP1	
MAT2B	1	MAT2B	
SAMHD1	1	SAMHD1	
AURKB	1	AURKB	
PTHLH	1	PTHLH	
AURKA	1	AURKA	
CLN5	1	CLN5	
INS	1	INS	
PDLIM1	1	PDLIM1	
ERLEC1	1	ERLEC1	
CLMP	1	CLMP	
PDLIM4	1	PDLIM4	
SMNDC1	1	SMNDC1	
MBTPS1	1	MBTPS1	
PLA2G2D	1	PLA2G2D	
PLA2G2E	1	PLA2G2E	
GALNT3	1	GALNT3	
GALNT2	1	GALNT2	
PLA2G2C	1	PLA2G2C	
GALNT1	1	GALNT1	
PLA2G2A	1	PLA2G2A	
PDAP1	1	PDAP1	
MAPK14	1	MAPK14	
MAPK12	1	MAPK12	
MAPK13	1	MAPK13	
MAPK10	1	MAPK10	
RPIA	1	RPIA	
MAPK11	1	MAPK11	
S100Z	1	S100Z	
LNX1	1	LNX1	
S100P	1	S100P	
RAN	1	RAN	
RB1	1	RB1	
CNTFR	1	CNTFR	
ZNF175	1	ZNF175	
ZNF174	1	ZNF174	
SERPINE2	1	SERPINE2	
SERPINE1	1	SERPINE1	
STMN2	1	STMN2	
STMN3	1	STMN3	
STMN4	1	STMN4	
BACH1	1	BACH1	
RXFP1	1	RXFP1	
BACH2	1	BACH2	
PCMT1	1	PCMT1	
STMN1	1	STMN1	
IER3	1	IER3	
CUBN	1	CUBN	
ACOT8	1	ACOT8	
UNC13A	1	UNC13A	
DAPK1	1	DAPK1	
DAPK2	1	DAPK2	
SERPINF1	1	SERPINF1	
SERPINF2	1	SERPINF2	
SYTL1	1	SYTL1	
HOGA1	1	HOGA1	
SYTL4	1	SYTL4	
FCAMR	1	FCAMR	
NISCH	1	NISCH	
CLPS	1	CLPS	
BIN1	1	BIN1	
CLPP	1	CLPP	
LGALS13	1	LGALS13	
CLPSL1	1	CLPSL1	
PRR16	1	PRR16	
SERPING1	1	SERPING1	
YME1L1	1	YME1L1	
CLPSL2	1	CLPSL2	
HPRT1	1	HPRT1	
ASF1A	1	ASF1A	
ENPEP	1	ENPEP	
RPN1	1	RPN1	
SNU13	1	NHP2L1	
HIF1A	1	HIF1A	
ABO	1	ABO	
PPP3R1	1	PPP3R1	
PPP3R2	1	PPP3R2	
CHST11	1	CHST11	
CHST12	1	CHST12	
S100A16	1	S100A16	
CHST15	1	CHST15	
PRR27	1	PRR27	
S100A13	1	S100A13	
SERPINH1	1	SERPINH1	
S100A12	1	S100A12	
SSR1	1	SSR1	
CHST14	1	CHST14	
HBQ1	1	HBQ1	
S100A14	1	S100A14	
KIAA0319L	1	KIAA0319L	
ELANE	1	ELANE	
S100A11	1	S100A11	
SERF2	1	SERF2	
S100A10	1	S100A10	
ACE	1	ACE	
ST13	1	ST13	
RDX	1	RDX	
BRAF	1	BRAF	
MTHFS	1	MTHFS	
GPN1	1	GPN1	
NPLOC4	1	NPLOC4	
TNFSF4	1	TNFSF4	
SERPINI2	1	SERPINI2	
TNFSF9	1	TNFSF9	
REN	1	REN	
TNFSF8	1	TNFSF8	
ZNF134	1	ZNF134	
RET	1	RET	
SERPINA3	1	SERPINA3	
SERPINA1	1	SERPINA1	
TINAGL1	1	TINAGL1	
CLTC	1	CLTC	
ADK	1	ADK	
CLTA	1	CLTA	
PRSS27	1	PRSS27	
ADM	1	ADM	
SERPINA9	1	SERPINA9	
CYB561D1	1	CYB561D1	
PRSS22	1	PRSS22	
SERPINA6	1	SERPINA6	
CLINT1	1	CLINT1	
ING1	1	ING1	
SERPINA7	1	SERPINA7	
MYOM2	1	MYOM2	
SERPINA4	1	SERPINA4	
MYOM3	1	MYOM3	
SERPINA5	1	SERPINA5	
ING4	1	ING4	
MRC2	1	MRC2	
FCRLB	1	FCRLB	
CSRP3	1	CSRP3	
CSRP2	1	CSRP2	
CSRP1	1	CSRP1	
RFK	1	RFK	
MRC1	1	MRC1	
TRIM3	1	TRIM3	
ANXA6	1	ANXA6	
RSPO2	1	RSPO2	
SPIN1	1	SPIN1	
ANXA7	1	ANXA7	
RSPO3	1	RSPO3	
ANXA8	1	ANXA8	
ANXA9	1	ANXA9	
RSPO1	1	RSPO1	
HAVCR1	1	HAVCR1	
XXYLT1	1	XXYLT1	
PF4V1	1	PF4V1	
RSPO4	1	RSPO4	
HAVCR2	1	HAVCR2	
FCRL1	1	FCRL1	
BRD2	1	BRD2	
MIOX	1	MIOX	
SERPINB4	1	SERPINB4	
BATF3	1	BATF3	
BRD1	1	BRD1	
NUDC	1	NUDC	
SERPINB1	1	SERPINB1	
ANXA1	1	ANXA1	
ANXA2	1	ANXA2	
FCRL5	1	FCRL5	
ANXA3	1	ANXA3	
FCRL6	1	FCRL6	
IFNGR1	1	IFNGR1	
ANXA4	1	ANXA4	
FCRL3	1	FCRL3	
IFNGR2	1	IFNGR2	
TESC	1	TESC	
ANXA5	1	ANXA5	
FCRL4	1	FCRL4	
PAX4	1	PAX4	
PAWR	1	PAWR	
TIMM21	1	TIMM21	
NUDT16L1	1	NUDT16L1	
SERPINB8	1	SERPINB8	
SERPINB5	1	SERPINB5	
C11orf87	1	C11orf87	
MRAP	1	MRAP	
ITPKC	1	ITPKC	
CD200R1	1	CD200R1	
MRAS	1	MRAS	
IVD	1	IVD	
ITPKA	1	ITPKA	
CCL14	1	CCL14	
SF3B4	1	SF3B4	
CCL13	1	CCL13	
CCL11	1	CCL11	
SERPINC1	1	SERPINC1	
AFM	1	AFM	
AFP	1	AFP	
SBSN	1	SBSN	
C11orf68	1	C11orf68	
HSPA13	1	HSPA13	
LMAN1	1	LMAN1	
LMAN2	1	LMAN2	
C17orf78	1	C17orf78	
RPS3	1	RPS3	
AGA	1	AGA	
CCL19	1	CCL19	
CCL18	1	CCL18	
CCL17	1	CCL17	
GPHA2	1	GPHA2	
CCL16	1	CCL16	
BRD4	1	BRD4	
CCL15	1	CCL15	
CCL25	1	CCL25	
CCL24	1	CCL24	
WWOX	1	WWOX	
AOC1	1	AOC1	
CCL23	1	CCL23	
TIGAR	1	TIGAR	
AOC2	1	AOC2	
CCL22	1	CCL22	
BRF1	1	BRF1	
CCL21	1	CCL21	
HSPA1L	1	HSPA1L	
SERPIND1	1	SERPIND1	
CCL20	1	CCL20	
NDE1	1	NDE1	
PRSS37	1	PRSS37	
WWP1	1	WWP1	
C14orf180	1	NRAC	
PRSS35	1	PRSS35	
AGT	1	AGT	
C17orf67	1	C17orf67	
LPCAT2	1	LPCAT2	
ZYX	1	ZYX	
NOTUM	1	NOTUM	
FMOD	1	FMOD	
CCL28	1	CCL28	
CCL27	1	CCL27	
HSPA1B	1	HSPA1B	
BRDT	1	BRDT	
CCL26	1	CCL26	
HSPA1A	1	HSPA1A	
SEMA5A	1	SEMA5A	
GHDC	1	GHDC	
CLEC4M	1	CLEC4M	
CLSTN2	1	CLSTN2	
CLSTN3	1	CLSTN3	
DGKB	1	DGKB	
FMR1	1	FMR1	
CLSTN1	1	CLSTN1	
FABP12	1	FABP12	
CDH8	1	CDH8	
CDH7	1	CDH7	
ABHD12	1	ABHD12	
CDH6	1	CDH6	
CDH5	1	CDH5	
ABHD10	1	ABHD10	
CDH3	1	CDH3	
SMR3A	1	SMR3A	
APMAP	1	APMAP	
CDH2	1	CDH2	
CDH1	1	CDH1	
IGFBP1	1	IGFBP1	
SEMA6B	1	SEMA6B	
SEMA6C	1	SEMA6C	
LHCGR	1	LHCGR	
MREG	1	MREG	
SEMA6A	1	SEMA6A	
IGFBP5	1	IGFBP5	
RPS7	1	RPS7	
IGFBP4	1	IGFBP4	
IGFBP3	1	IGFBP3	
RPS5	1	RPS5	
IGFBP2	1	IGFBP2	
AIP	1	AIP	
RPSA	1	RPSA	
CLEC4A	1	CLEC4A	
CLEC4C	1	CLEC4C	
CACNB4	1	CACNB4	
CLEC4D	1	CLEC4D	
ADAM9	1	ADAM9	
ADAM7	1	ADAM7	
CLEC4G	1	CLEC4G	
CUL9	1	CUL9	
NOTCH2	1	NOTCH2	
NOTCH3	1	NOTCH3	
SEMA7A	1	SEMA7A	
NOTCH1	1	NOTCH1	
TNKS	1	TNKS	
CUL3	1	CUL3	
AK1	1	AK1	
NATD1	1	NATD1	
AK2	1	AK2	
CUL1	1	CUL1	
AK4	1	AK4	
AK5	1	AK5	
KLC1	1	KLC1	
BAG4	1	BAG4	
BAG5	1	BAG5	
ITPRIPL1	1	ITPRIPL1	
BAG2	1	BAG2	
BAG3	1	BAG3	
CLEC7A	1	CLEC7A	
BAG1	1	BAG1	
PSAP	1	PSAP	
IGFBP7	1	IGFBP7	
IGFBP6	1	IGFBP6	
SKIL	1	SKIL	
BTN2A1	1	BTN2A1	
MOB1A	1	MOB1A	
NSFL1C	1	NSFL1C	
RCAN1	1	RCAN1	
CLEC6A	1	CLEC6A	
MAFG	1	MAFG	
ALB	1	ALB	
ESAM	1	ESAM	
ALK	1	ALK	
SRXN1	1	SRXN1	
TRADD	1	TRADD	
DUSP15	1	DUSP15	
CSAG1	1	CSAG1	
DUSP16	1	DUSP16	
PSD2	1	PSD2	
EFHD1	1	EFHD1	
AMH	1	AMH	
CLEC1B	1	CLEC1B	
AMN	1	AMN	
GPX2	1	GPX2	
GPX1	1	GPX1	
DTX3L	1	DTX3L	
COL25A1	1	COL25A1	
GPX5	1	GPX5	
ASMTL	1	ASMTL	
GPX7	1	GPX7	
DUSP28	1	DUSP28	
TRAF1	1	TRAF1	
DUSP26	1	DUSP26	
REXO2	1	REXO2	
PTP4A1	1	PTP4A1	
DUSP23	1	DUSP23	
PTP4A2	1	PTP4A2	
PTP4A3	1	PTP4A3	
METTL24	1	METTL24	
TRAF4	1	TRAF4	
TNMD	1	TNMD	
ANG	1	ANG	
TRABD	1	TRABD	
SEMA3C	1	SEMA3C	
CLEC2L	1	CLEC2L	
UNC93B1	1	UNC93B1	
CDNF	1	CDNF	
RPE	1	RPE	
SEMA3A	1	SEMA3A	
SEMA3B	1	SEMA3B	
SEMA3G	1	SEMA3G	
NDNF	1	NDNF	
SEMA3E	1	SEMA3E	
JAKMIP3	1	JAKMIP3	
ENOX2	1	ENOX2	
REPIN1	1	REPIN1	
CLEC3B	1	CLEC3B	
TNNI2	1	TNNI2	
TNNI3	1	TNNI3	
TIGIT	1	TIGIT	
SEMA4A	1	SEMA4A	
SEMA4D	1	SEMA4D	
CMA1	1	CMA1	
SEMA4B	1	SEMA4B	
ADRM1	1	ADRM1	
SEMA4C	1	SEMA4C	
PTPN11	1	PTPN11	
SEMA4F	1	SEMA4F	
CDC42BPB	1	CDC42BPB	
CFLAR	1	CFLAR	
CDC42BPA	1	CDC42BPA	
KLF4	1	KLF4	
PTPN13	1	PTPN13	
ENOX1	1	ENOX1	
MGAT4C	1	MGAT4C	
CLEC2A	1	CLEC2A	
NFASC	1	NFASC	
CLEC2B	1	CLEC2B	
RAD51	1	RAD51	
IMPDH1	1	IMPDH1	
IMPDH2	1	IMPDH2	
MGAT4A	1	MGAT4A	
MGAT4B	1	MGAT4B	
FOLR3	1	FOLR3	
FOLR2	1	FOLR2	
CLEC2D	1	CLEC2D	
FOLR1	1	FOLR1	
APP	1	APP	
SPARC	1	SPARC	
DIXDC1	1	DIXDC1	
HSF2BP	1	HSF2BP	
ANTXR2	1	ANTXR2	
ANTXR1	1	ANTXR1	
RS1	1	RS1	
VSIG1	1	VSIG1	
VSIG2	1	VSIG2	
PTGDS	1	PTGDS	
TNS4	1	TNS4	
B2M	1	B2M	
TNS2	1	TNS2	
CDON	1	CDON	
SKP1	1	SKP1	
UTS2R	1	UTS2R	
MUCL1	1	MUCL1	
TMEM52B	1	TMEM52B	
SLC6A16	1	SLC6A16	
OXSM	1	OXSM	
SLC6A14	1	SLC6A14	
BOLA1	1	BOLA1	
PSG1	1	PSG1	
PSG3	1	PSG3	
CMBL	1	CMBL	
PSG2	1	PSG2	
RUNX3	1	RUNX3	
ZPBP	1	ZPBP	
CHIT1	1	CHIT1	
PSG9	1	PSG9	
PSG8	1	PSG8	
UTS2B	1	UTS2B	
PSG5	1	PSG5	
PSG4	1	PSG4	
BOLA3	1	BOLA3	
PAPPA	1	PAPPA	
PSG7	1	PSG7	
BOLA2	1	BOLA2	
CRYZL1	1	CRYZL1	
PSG6	1	PSG6	
TFAM	1	TFAM	
IGSF8	1	IGSF8	
ANP32A	1	ANP32A	
IGSF3	1	IGSF3	
LMAN2L	1	LMAN2L	
EBI3	1	EBI3	
KLK5	1	KLK5	
KLK4	1	KLK4	
STC1	1	STC1	
TWF1	1	TWF1	
KLK3	1	KLK3	
KLK9	1	KLK9	
KLK8	1	KLK8	
KLK7	1	KLK7	
SMIM9	1	SMIM9	
KLK6	1	KLK6	
INPP5B	1	INPP5B	
SPAST	1	SPAST	
STC2	1	STC2	
INPP5E	1	INPP5E	
LCN10	1	LCN10	
NAALAD2	1	NAALAD2	
ASL	1	ASL	
GSTT2B	1	GSTT2B	
SIGLEC15	1	SIGLEC15	
CDSN	1	CDSN	
SIGLEC14	1	SIGLEC14	
SIGLEC12	1	SIGLEC12	
INSR	1	INSR	
SIGLEC11	1	SIGLEC11	
MEMO1	1	MEMO1	
MANF	1	MANF	
SPART	1	SPG20	
MARCO	1	MARCO	
AKR1B10	1	AKR1B10	
STAR	1	STAR	
TMCC3	1	TMCC3	
ANP32B	1	ANP32B	
CUTC	1	CUTC	
NODAL	1	NODAL	
FEN1	1	FEN1	
VLDLR	1	VLDLR	
PPCDC	1	PPCDC	
ESM1	1	ESM1	
HINT1	1	HINT1	
UCHL1	1	UCHL1	
HINT2	1	HINT2	
BTN3A1	1	BTN3A1	
NME2	1	NME2	
RHOG	1	RHOG	
BTN3A3	1	BTN3A3	
NME4	1	NME4	
IL17RD	1	IL17RD	
RHOC	1	RHOC	
IL17RC	1	IL17RC	
RHOD	1	RHOD	
IL17RB	1	IL17RB	
RHOA	1	RHOA	
UCHL5	1	UCHL5	
IL17RA	1	IL17RA	
NME1	1	NME1	
RHOB	1	RHOB	
CEACAM3	1	CEACAM3	
RAD51D	1	RAD51L3	
CEACAM7	1	CEACAM7	
TNNT2	1	TNNT2	
CEACAM4	1	CEACAM4	
TNNT3	1	TNNT3	
TFF3	1	TFF3	
TFF2	1	TFF2	
MAPRE3	1	MAPRE3	
TFF1	1	TFF1	
CEACAM8	1	CEACAM8	
MAPT	1	MAPT	
DNASE1L2	1	DNASE1L2	
FATE1	1	FATE1	
MAPRE1	1	MAPRE1	
MAPRE2	1	MAPRE2	
MRRF	1	MRRF	
TOR4A	1	TOR4A	
TNXB	1	TNXB	
PRIM1	1	PRIM1	
PAPLN	1	PAPLN	
CILP2	1	CILP2	
CTNNA2	1	CTNNA2	
LY6G6C	1	LY6G6C	
LY6G6D	1	LY6G6D	
LCMT1	1	LCMT1	
GDF10	1	GDF10	
CGREF1	1	CGREF1	
GDF11	1	GDF11	
RANBP1	1	RANBP1	
RANBP3	1	RANBP3	
GDF15	1	GDF15	
RYK	1	RYK	
LYVE1	1	LYVE1	
BATF	1	BATF	
CAMK4	1	CAMK4	
GHRH	1	GHRH	
CTNNB1	1	CTNNB1	
GHRL	1	GHRL	
CAMK1	1	CAMK1	
GALNT11	1	GALNT11	
GALNT13	1	GALNT13	
GALNT16	1	GALNT16	
CDY1	1	CDY1	
ARHGAP36	1	ARHGAP36	
GALNT10	1	GALNT10	
SCGN	1	SCGN	
IL18RAP	1	IL18RAP	
PDIA3	1	PDIA3	
DSCAM	1	DSCAM	
APLP2	1	APLP2	
APLP1	1	APLP1	
MATK	1	MATK	
EPDR1	1	EPDR1	
PRSS57	1	PRSS57	
KCTD5	1	KCTD5	
PDIA6	1	PDIA6	
PDIA5	1	PDIA5	
PDIA4	1	PDIA4	
FOLH1	1	FOLH1	
KIF16B	1	KIF16B	
CMPK1	1	CMPK1	
SCG5	1	SCG5	
SCG3	1	SCG3	
HDGFL1	1	HDGFL1	
HDGFL3	1	HDGFRP3	
TMEM59L	1	TMEM59L	
CSF2RB	1	CSF2RB	
SEZ6L2	1	SEZ6L2	
AGER	1	AGER	
COX7A1	1	COX7A1	
CSF2RA	1	CSF2RA	
DPP4	1	DPP4	
PCSK1N	1	PCSK1N	
DPP7	1	DPP7	
SCIN	1	SCIN	
C10orf105	1	C10orf105	
MARK3	1	MARK3	
PDZD7	1	PDZD7	
SMAD2	1	SMAD2	
SMAD1	1	SMAD1	
SMAD4	1	SMAD4	
PSAPL1	1	PSAPL1	
SMAD3	1	SMAD3	
PSPN	1	PSPN	
SMURF2	1	SMURF2	
SMURF1	1	SMURF1	
WSCD2	1	WSCD2	
A2ML1	1	A2ML1	
ARHGAP25	1	ARHGAP25	
NMRAL1	1	NMRAL1	
NR4A1	1	NR4A1	
ARHGAP30	1	ARHGAP30	
TP53I3	1	TP53I3	
MAN2B2	1	MAN2B2	
ULBP2	1	ULBP2	
ULBP1	1	ULBP1	
ULBP3	1	ULBP3	
B4GALT2	1	B4GALT2	
B4GALT3	1	B4GALT3	
CRISP2	1	CRISP2	
B4GALT1	1	B4GALT1	
CRISP3	1	CRISP3	
PKD2	1	PKD2	
HTN1	1	HTN1	
CKS1B	1	CKS1B	
HEBP1	1	HEBP1	
HTN3	1	HTN3	
FDCSP	1	FDCSP	
MADCAM1	1	MADCAM1	
CAMK1D	1	CAMK1D	
PCDHGA2	1	PCDHGA2	
ABCC6	1	ABCC6	
PCDHGA1	1	PCDHGA1	
CKAP2	1	CKAP2	
CKAP4	1	CKAP4	
TGFBR2	1	TGFBR2	
TGFBR3	1	TGFBR3	
DDX19A	1	DDX19A	
DDX19B	1	DDX19B	
IFNG	1	IFNG	
PCDHGB1	1	PCDHGB1	
B4GALT6	1	B4GALT6	
B4GALT7	1	B4GALT7	
B4GALT5	1	B4GALT5	
CAMK2B	1	CAMK2B	
USP14	1	USP14	
CAMK2D	1	CAMK2D	
USP15	1	USP15	
GMPR2	1	GMPR2	
CAMK2A	1	CAMK2A	
MTIF3	1	MTIF3	
TFPI	1	TFPI	
NCALD	1	NCALD	
PRRG4	1	PRRG4	
ERBB3	1	ERBB3	
ERBB4	1	ERBB4	
ERBB2	1	ERBB2	
NT5DC3	1	NT5DC3	
PRRG1	1	PRRG1	
LRIG1	1	LRIG1	
BPNT2	1	IMPAD1	
STOM	1	STOM	
BPNT1	1	BPNT1	
LRIG3	1	LRIG3	
NCAM1	1	NCAM1	
NCAM2	1	NCAM2	
MUTYH	1	MUTYH	
IGBP1	1	IGBP1	
USP25	1	USP25	
NEGR1	1	NEGR1	
B3GAT3	1	B3GAT3	
BAD	1	BAD	
PCDHGC5	1	PCDHGC5	
TRAT1	1	TRAT1	
USP21	1	USP21	
LGI3	1	LGI3	
PCDHGC3	1	PCDHGC3	
ZNF180	1	ZNF180	
NAP1L2	1	NAP1L2	
NAP1L1	1	NAP1L1	
USP28	1	USP28	
NAP1L4	1	NAP1L4	
NEURL4	1	NEURL4	
GNPDA1	1	GNPDA1	
XPNPEP1	1	XPNPEP1	
NEURL1	1	NEURL1	
ARB2A	1	FAM172A	
HCN1	1	HCN1	
